POA_CODE_2016,Pre_school_M,Pre_school_F,Pre_school_P,Infants_Primary_Government_M,Infants_Primary_Government_F,Infants_Primary_Government_P,Infants_Primary_Catholic_M,Infants_Primary_Catholic_F,Infants_Primary_Catholic_P,Infnts_Primry_Othr_Non_Govt_M,Infnts_Primry_Othr_Non_Govt_F,Infnts_Primry_Othr_Non_Govt_P,Infants_Primary_Tot_M,Infants_Primary_Tot_F,Infants_Primary_Tot_P,Secondary_Government_M,Secondary_Government_F,Secondary_Government_P,Secondary_Catholic_M,Secondary_Catholic_F,Secondary_Catholic_P,Secondary_Other_Non_Govt_M,Secondary_Other_Non_Govt_F,Secondary_Other_Non_Govt_P,Secondary_Tot_M,Secondary_Tot_F,Secondary_Tot_P,Tec_Furt_Educ_inst_Ft_15_24_M,Tec_Furt_Educ_inst_Ft_15_24_F,Tec_Furt_Educ_inst_Ft_15_24_P,Tec_Furt_Educ_inst_Ft_25_ov_M,Tec_Furt_Educ_inst_Ft_25_ov_F,Tec_Furt_Educ_inst_Ft_25_ov_P,Tec_Furt_Educ_inst_Pt_15_24_M,Tec_Furt_Educ_inst_Pt_15_24_F,Tec_Furt_Educ_inst_Pt_15_24_P,Tec_Furt_Educ_inst_Pt_25_ov_M,Tec_Furt_Educ_inst_Pt_25_ov_F,Tec_Furt_Educ_inst_Pt_25_ov_P,Tec_Furt_Educ_inst_F_Pt_ns_M,Tec_Furt_Educ_inst_F_Pt_ns_F,Tec_Furt_Educ_inst_F_Pt_ns_P,Tec_Furt_Educ_inst_Tot_M,Tec_Furt_Educ_inst_Tot_F,Tec_Furt_Educ_inst_Tot_P,Uni_othr_Tert_Inst_Ft_15_24_M,Uni_othr_Tert_Inst_Ft_15_24_F,Uni_othr_Tert_Inst_Ft_15_24_P,Uni_othr_Tert_Inst_Ft_25_ov_M,Uni_othr_Tert_Inst_Ft_25_ov_F,Uni_othr_Tert_Inst_Ft_25_ov_P,Uni_othr_Tert_Inst_Pt_15_24_M,Uni_othr_Tert_Inst_Pt_15_24_F,Uni_othr_Tert_Inst_Pt_15_24_P,Uni_othr_Tert_Inst_Pt_25_ov_M,Uni_othr_Tert_Inst_Pt_25_ov_F,Uni_othr_Tert_Inst_Pt_25_ov_P,Uni_othr_Tert_Inst_F_Pt_ns_M,Uni_othr_Tert_Inst_F_Pt_ns_F,Uni_othr_Tert_Inst_F_Pt_ns_P,Uni_other_Tert_Instit_Tot_M,Uni_other_Tert_Instit_Tot_F,Uni_other_Tert_Instit_Tot_P,Othr_typ_educ_inst_Ft_stud_M,Othr_typ_educ_inst_Ft_stud_F,Othr_typ_educ_inst_Ft_stud_P,Othr_typ_educ_inst_Pt_stud_M,Othr_typ_educ_inst_Pt_stud_F,Othr_typ_educ_inst_Pt_stud_P,Oth_typ_ed_instit_F_Pt_ns_M,Oth_typ_ed_instit_F_Pt_ns_F,Oth_typ_ed_instit_F_Pt_ns_P,Other_type_educ_instit_Tot_M,Other_type_educ_instit_Tot_F,Other_type_educ_instit_Tot_P,Type_educanl_institution_ns_M,Type_educanl_institution_ns_F,Type_educanl_institution_ns_P,Tot_M,Tot_F,Tot_P
POA6000,37,30,65,79,79,157,11,10,23,12,15,29,100,111,211,39,43,80,11,13,21,22,18,35,71,69,146,41,47,89,83,120,206,7,14,25,62,64,134,0,0,0,202,252,454,213,229,440,161,128,290,21,28,47,124,127,250,4,0,3,522,509,1033,64,135,205,49,103,150,0,3,3,114,242,355,997,821,1814,2049,2035,4081
POA6003,8,5,12,33,20,54,3,13,16,0,8,5,38,38,75,13,22,35,3,4,4,4,0,3,17,27,49,18,9,22,22,35,57,0,7,7,10,24,36,0,0,0,51,72,117,33,48,81,39,28,69,3,9,7,37,38,74,0,0,0,110,122,233,17,13,35,6,14,22,0,0,0,28,29,58,352,303,656,600,597,1195
POA6004,24,20,44,37,40,77,15,22,33,11,20,33,66,78,146,32,25,50,33,25,60,25,26,55,87,75,162,37,39,77,77,104,188,10,11,20,46,84,126,0,3,3,172,240,413,190,219,407,130,131,260,15,26,38,92,95,191,3,3,4,432,475,904,57,53,107,51,73,123,0,0,0,103,124,226,835,744,1581,1711,1767,3476
POA6005,10,17,20,35,39,73,7,8,17,5,8,11,47,52,95,25,24,53,6,4,11,8,13,14,37,40,78,13,8,17,31,49,81,7,10,14,25,44,72,0,0,0,72,109,184,91,91,181,65,58,125,11,13,23,69,61,129,0,0,0,241,215,454,22,24,47,24,35,55,0,0,0,40,55,101,398,340,737,848,832,1682
POA6006,53,42,95,254,215,476,74,69,139,22,23,42,347,309,659,90,99,188,68,53,125,31,43,69,186,199,385,14,18,26,11,30,42,13,13,24,28,16,43,0,0,0,59,76,140,105,128,234,70,58,124,16,13,28,71,88,160,0,3,3,258,293,548,11,10,16,20,25,42,0,0,0,25,35,57,286,268,560,1219,1221,2440
POA6007,43,33,81,183,159,337,44,33,71,15,19,36,237,212,448,42,46,90,28,36,64,33,30,64,102,117,217,25,14,40,23,13,38,3,8,11,27,35,58,0,0,0,78,76,152,85,102,185,53,71,118,12,19,30,75,86,157,0,0,0,221,274,493,7,9,17,10,31,41,0,0,0,18,35,56,284,297,578,981,1047,2032
POA6008,107,93,204,434,422,861,33,42,76,79,55,129,549,514,1063,253,262,519,40,57,105,126,119,246,425,442,863,14,8,23,20,24,47,13,9,14,21,38,62,4,0,4,69,83,153,262,282,549,154,149,300,22,32,57,103,175,277,3,3,3,542,646,1188,13,13,27,32,51,83,0,0,0,43,66,109,555,622,1171,2293,2462,4756
POA6009,113,107,222,525,476,1000,95,82,177,189,193,377,805,752,1553,164,156,318,63,65,129,425,405,834,658,622,1277,31,17,47,12,10,30,14,9,29,19,28,50,0,0,0,84,66,152,1370,1332,2702,522,348,866,69,44,113,98,129,233,3,7,15,2063,1864,3930,12,22,36,21,35,59,0,0,0,38,55,94,470,440,910,4233,3909,8143
POA6010,102,86,192,399,341,733,114,127,239,200,169,371,714,634,1346,156,144,303,133,153,289,619,358,981,918,654,1571,20,12,33,9,9,24,21,4,24,26,55,78,0,0,0,74,83,159,411,369,785,95,119,217,40,46,88,95,144,239,0,5,10,649,681,1328,3,12,12,33,34,71,0,3,4,37,49,85,605,628,1230,3084,2819,5907
POA6011,58,45,102,213,203,415,14,23,38,124,164,285,359,379,736,64,41,103,35,40,74,265,394,660,359,480,837,5,3,10,6,11,15,9,8,14,12,18,32,0,0,0,34,36,68,177,164,343,34,51,87,13,26,34,54,80,132,0,0,0,280,327,604,9,4,19,8,26,31,0,0,0,16,36,55,305,303,608,1411,1610,3015
POA6012,53,44,101,198,189,385,29,56,87,70,125,195,296,373,668,73,47,120,46,125,169,198,327,525,316,506,817,8,10,18,11,19,28,10,5,17,9,26,35,0,0,0,42,55,99,171,195,367,56,87,142,17,15,29,56,71,127,0,0,0,301,365,669,7,8,16,9,23,35,0,0,0,19,34,51,368,383,750,1385,1756,3144
POA6014,176,151,325,799,754,1554,185,154,342,149,129,282,1135,1043,2181,282,244,531,207,205,411,263,216,481,751,670,1420,33,32,63,55,55,108,33,21,48,35,88,125,0,0,0,156,190,347,359,349,709,147,158,303,47,53,100,139,168,311,8,5,5,693,734,1428,25,23,48,34,60,96,0,0,0,56,89,144,597,549,1145,3560,3435,6990
POA6015,38,25,63,184,179,360,71,67,142,114,91,207,371,335,710,67,79,141,72,88,157,226,178,396,359,345,701,7,7,11,3,3,6,10,8,21,5,4,6,0,0,0,21,22,46,165,168,340,11,27,39,25,11,35,20,41,60,0,4,4,219,252,470,3,3,3,7,21,29,0,0,0,11,21,28,150,158,313,1174,1156,2337
POA6016,69,82,150,364,312,677,92,86,172,31,28,66,482,426,912,152,169,323,81,54,134,35,55,87,271,277,541,12,25,39,38,40,78,12,9,16,15,32,48,0,0,0,84,111,191,131,145,274,94,80,177,16,30,42,57,98,156,0,0,0,298,354,652,24,22,53,17,45,64,0,0,0,44,71,110,307,326,630,1550,1640,3191
POA6017,20,14,36,48,64,112,12,24,32,3,5,13,64,92,157,18,26,41,26,20,43,0,4,6,42,45,93,13,6,16,20,30,57,8,7,8,20,21,42,0,0,0,55,69,121,67,58,126,45,51,95,12,6,16,23,25,48,0,3,4,146,137,283,9,12,25,13,18,32,0,0,0,22,28,55,193,149,341,548,532,1075
POA6018,234,234,472,1041,1046,2087,449,385,837,173,190,361,1660,1617,3282,585,571,1155,296,300,597,306,493,793,1183,1368,2554,54,50,106,50,62,112,72,29,99,118,125,241,3,0,4,295,267,562,460,570,1028,145,231,374,78,62,138,197,306,503,3,4,4,880,1169,2052,32,42,78,51,118,171,3,0,3,88,160,249,1135,1302,2438,5489,6120,11606
POA6019,121,114,237,527,469,993,172,161,335,89,74,167,791,701,1489,288,256,546,157,148,297,354,93,454,799,497,1298,27,31,63,38,62,92,43,26,70,89,110,201,0,0,3,199,231,435,254,273,533,88,129,220,50,53,97,160,227,383,4,4,8,557,681,1242,22,30,50,49,89,136,0,4,4,75,120,191,793,765,1555,3338,3112,6445
POA6020,138,98,240,659,609,1262,229,241,476,115,133,241,1000,983,1980,308,287,591,210,216,430,243,264,510,763,761,1530,27,29,54,11,26,41,50,7,58,37,57,89,0,0,0,123,121,240,310,282,596,46,63,110,45,52,93,92,141,230,0,0,3,493,539,1027,7,8,20,29,55,80,0,0,3,33,65,102,491,431,921,3047,2994,6041
POA6021,105,133,237,345,351,697,319,302,627,80,74,158,747,727,1474,184,181,366,262,245,509,74,62,137,523,489,1013,52,39,91,28,56,86,49,24,75,43,76,121,0,0,3,177,196,372,277,277,548,77,81,162,28,28,56,63,100,161,0,3,3,445,484,932,26,21,46,37,59,103,3,0,4,68,82,146,656,763,1416,2714,2878,5593
POA6022,24,35,56,163,158,321,35,39,75,28,18,51,228,225,451,78,78,154,28,27,51,31,24,51,134,127,256,10,11,23,9,10,18,12,6,16,12,17,31,0,0,3,41,42,84,49,43,90,17,20,37,7,6,18,25,23,51,0,0,0,93,100,194,5,4,12,4,19,28,0,0,0,6,31,38,112,112,228,648,659,1314
POA6023,122,97,220,666,616,1281,129,97,224,96,108,209,897,825,1717,370,300,672,93,73,171,169,166,341,635,539,1174,20,16,37,4,8,18,47,12,56,41,35,75,0,3,3,116,79,191,205,224,427,36,51,91,21,30,52,68,122,185,4,0,5,329,421,753,6,10,18,15,31,54,0,0,0,26,44,69,285,270,556,2409,2279,4684
POA6024,87,89,179,419,410,828,97,96,189,60,52,109,571,558,1133,292,249,542,68,78,144,91,73,161,448,400,852,23,26,51,12,22,39,33,18,54,39,61,101,4,0,4,112,131,244,108,123,235,38,51,86,10,16,27,43,101,146,0,3,4,208,285,488,10,7,24,19,34,57,0,4,4,32,46,79,306,293,597,1767,1798,3563
POA6025,186,185,372,848,797,1649,316,281,602,236,249,478,1400,1329,2731,457,430,885,213,229,446,358,346,708,1030,1008,2035,47,46,89,15,36,51,86,37,128,73,95,170,3,0,3,224,213,436,410,446,851,87,133,219,39,69,112,106,191,294,0,3,4,636,848,1483,15,23,36,57,76,133,3,0,3,72,93,167,749,686,1434,4312,4358,8664
POA6026,146,111,254,811,744,1561,138,146,281,114,127,240,1069,1018,2088,576,509,1082,134,139,273,176,174,354,886,820,1709,34,40,72,14,17,30,69,25,95,48,78,126,0,3,3,165,157,322,284,333,620,52,89,142,45,53,101,73,142,212,0,4,5,459,620,1076,10,27,33,24,57,82,0,0,3,33,91,120,384,385,773,3144,3202,6346
POA6027,254,234,491,1294,1202,2488,280,291,565,200,204,409,1769,1693,3464,737,748,1480,328,367,699,339,316,658,1405,1424,2832,105,84,191,55,98,152,135,56,195,93,153,245,3,0,3,391,391,780,674,754,1421,247,253,499,82,115,195,177,318,497,4,8,11,1184,1448,2633,45,52,96,58,111,171,3,0,4,102,165,267,1119,1017,2132,6219,6382,12604
POA6028,150,124,276,729,660,1389,238,283,524,216,210,425,1187,1149,2337,520,474,989,243,238,485,329,309,630,1092,1016,2103,73,66,132,12,33,51,95,37,137,41,76,123,0,0,3,220,219,440,341,425,768,59,90,151,44,75,119,84,128,208,0,3,3,521,724,1247,23,21,43,29,63,96,0,0,0,55,82,137,439,359,801,3665,3682,7354
POA6029,7,18,27,84,68,145,30,37,68,13,31,48,130,136,264,25,24,52,34,45,75,41,70,111,99,135,240,5,3,9,3,3,8,0,4,8,5,6,14,0,0,0,17,12,31,45,49,91,3,10,13,3,6,10,15,14,29,0,0,0,66,75,141,0,5,5,0,8,8,0,0,0,8,11,15,64,60,123,386,445,830
POA6030,290,241,523,1341,1259,2606,293,259,554,354,316,672,1988,1837,3829,873,766,1635,294,303,603,485,449,929,1647,1517,3168,101,104,201,55,105,152,135,66,194,95,163,253,7,4,13,384,436,818,370,438,809,96,167,258,57,89,146,106,212,323,3,0,5,633,904,1540,33,64,102,54,138,197,0,3,6,93,204,302,1336,1428,2766,6370,6573,12945
POA6031,127,105,230,708,693,1405,193,178,370,96,85,185,1004,959,1964,397,405,805,114,109,225,120,153,277,637,666,1300,31,51,90,20,49,65,63,43,108,53,65,115,0,0,0,167,206,376,147,189,339,57,86,145,18,33,46,63,110,173,0,7,7,279,420,700,22,31,54,31,66,101,0,0,0,53,103,158,473,435,905,2740,2897,5638
POA6032,0,0,3,3,3,7,0,0,0,3,0,4,8,8,10,5,3,5,0,0,0,0,3,3,3,7,8,0,0,0,0,0,0,4,0,4,0,0,0,0,0,0,4,0,3,3,0,4,0,0,0,0,0,0,0,0,0,0,0,0,3,3,3,0,0,0,0,3,3,0,0,0,0,3,3,6,12,16,23,28,49
POA6033,0,0,0,3,5,10,8,8,14,12,5,12,18,15,40,7,0,7,6,4,14,4,6,10,25,16,35,6,0,6,0,0,3,4,0,4,0,0,0,0,0,0,13,3,15,5,4,8,0,0,0,0,0,0,0,3,3,0,0,0,8,6,14,0,0,0,0,0,0,0,0,0,0,0,3,27,23,52,93,63,153
POA6034,10,10,21,59,62,121,7,7,11,18,12,35,86,82,163,34,31,62,5,5,19,8,8,19,47,43,96,0,6,6,0,0,3,5,3,9,0,7,7,0,0,0,13,13,27,6,11,20,3,9,12,3,6,8,5,16,20,0,0,0,15,34,52,4,3,8,0,10,10,0,0,0,4,14,13,72,71,143,250,267,518
POA6035,87,67,150,403,364,763,36,20,54,78,50,126,514,432,946,189,167,360,39,57,93,36,45,81,271,266,534,14,27,46,6,19,23,30,16,39,22,36,55,0,0,0,64,96,166,21,51,78,14,32,42,5,10,12,20,51,68,0,0,0,63,148,208,9,11,21,15,39,53,0,0,0,17,54,70,446,440,887,1459,1503,2963
POA6036,128,110,239,695,642,1336,116,130,245,97,90,190,911,861,1768,444,415,858,153,169,320,98,91,190,692,674,1367,37,55,91,16,30,41,58,31,84,34,67,96,4,0,3,145,172,323,87,152,246,41,78,118,17,24,41,47,75,120,4,0,6,195,331,532,13,16,33,19,45,62,0,0,0,30,68,93,722,765,1487,2832,2981,5808
POA6037,16,25,42,139,103,242,8,3,12,17,16,37,164,120,286,49,35,86,16,15,34,18,13,37,88,68,153,5,4,11,0,0,0,7,5,17,3,14,16,0,0,0,22,28,48,12,22,37,3,9,15,0,0,0,3,12,11,0,0,0,19,43,61,0,3,4,0,18,16,0,0,0,3,19,21,171,168,331,491,471,956
POA6038,50,45,103,239,208,450,41,35,72,63,61,128,339,310,648,113,111,223,24,29,55,36,21,60,173,164,340,17,13,34,7,11,18,18,16,30,29,30,56,0,0,0,67,66,133,33,48,81,11,36,46,8,25,28,32,48,80,0,0,0,83,155,237,7,9,17,12,18,32,0,0,0,13,27,40,273,269,537,1001,1044,2044
POA6041,8,10,14,48,49,101,3,0,4,5,8,14,58,63,116,22,31,55,11,12,24,8,7,13,48,46,93,3,4,9,0,3,4,0,3,5,0,3,8,0,0,0,7,15,19,3,3,8,0,3,7,0,0,0,0,10,11,0,0,0,10,18,21,8,3,5,0,3,3,0,0,0,8,3,10,70,81,153,205,230,434
POA6042,0,0,0,0,0,0,0,0,0,0,0,0,0,0,0,0,0,0,0,0,0,0,0,0,0,0,0,0,0,0,0,0,0,0,0,0,0,0,0,0,0,0,0,0,0,0,0,0,0,0,0,0,0,0,0,0,0,0,0,0,0,0,3,0,0,0,0,0,0,0,0,0,0,0,0,0,3,8,4,4,7
POA6043,0,0,0,4,11,10,0,0,0,0,0,0,4,11,10,3,3,8,0,5,3,0,0,0,6,3,10,0,0,0,0,0,0,0,0,0,0,0,0,0,0,0,0,0,0,0,0,0,0,0,0,0,0,0,0,0,0,0,0,0,0,0,0,3,0,3,0,0,0,0,0,0,3,0,0,22,15,35,39,31,70
POA6044,0,3,5,38,33,70,0,0,0,0,0,0,38,33,71,26,14,36,0,3,4,9,6,14,28,25,57,0,0,0,0,0,0,3,0,3,0,7,5,0,0,0,4,7,11,3,0,3,0,0,0,0,0,0,0,0,0,0,0,0,3,3,8,0,0,0,0,4,4,0,0,0,0,4,4,71,44,117,155,115,265
POA6050,76,59,139,293,264,561,121,90,213,74,105,176,489,456,946,132,135,268,136,87,222,116,307,419,386,527,911,28,26,57,28,40,63,16,6,24,42,48,85,0,0,0,112,122,235,339,376,712,120,140,265,30,47,77,105,142,253,3,3,3,604,707,1310,10,24,37,24,59,83,0,0,0,38,84,120,662,763,1429,2363,2729,5086
POA6051,59,54,109,255,241,496,58,52,108,42,36,70,353,327,682,101,93,197,41,39,84,25,28,52,167,165,335,42,25,66,84,68,151,18,17,41,49,70,121,0,0,0,198,180,379,133,182,315,97,123,226,17,35,49,105,149,258,3,5,9,365,489,846,24,27,52,45,41,90,0,0,0,71,66,138,570,470,1041,1769,1751,3521
POA6052,66,68,134,240,195,429,169,141,311,39,54,96,446,390,838,136,134,272,141,100,238,45,85,134,321,318,640,20,17,38,15,34,51,21,13,31,33,34,73,0,0,0,92,95,187,157,187,345,63,68,128,21,28,43,76,96,173,0,0,0,316,382,699,18,16,35,16,42,60,0,0,0,40,57,102,354,388,741,1640,1701,3340
POA6053,78,78,154,327,282,609,196,202,401,43,48,93,561,539,1102,159,156,317,141,147,294,53,62,117,357,371,726,35,23,61,37,44,80,24,13,35,47,70,116,3,0,4,144,158,304,162,159,322,60,66,127,25,23,52,73,143,222,0,3,3,328,395,724,12,11,27,30,57,83,3,0,3,44,69,115,434,485,924,1952,2091,4042
POA6054,110,100,210,555,481,1035,187,157,350,96,101,192,834,742,1580,341,278,618,156,167,320,129,104,231,619,552,1167,58,41,98,24,51,77,49,26,74,66,87,150,0,3,3,195,205,398,185,207,389,65,90,159,29,44,76,84,153,245,0,3,0,366,496,863,24,22,45,36,55,91,0,0,0,56,80,139,709,734,1449,2897,2910,5810
POA6055,147,152,301,503,486,993,185,159,348,209,174,380,904,820,1719,280,276,554,113,134,248,290,155,451,680,573,1254,48,40,94,25,44,72,45,24,74,70,89,166,0,0,0,199,204,402,141,194,338,70,115,185,21,45,65,100,150,249,0,6,5,331,510,844,27,30,64,51,75,129,0,0,0,86,110,189,744,1133,1876,3096,3491,6588
POA6056,228,198,429,996,895,1891,356,299,656,212,187,402,1562,1385,2946,612,621,1236,343,320,660,256,274,531,1211,1219,2427,84,85,171,55,78,133,110,75,180,85,186,268,3,3,5,335,428,761,203,285,489,71,117,191,59,45,103,123,213,330,10,0,10,459,662,1123,28,44,72,54,120,174,5,0,5,86,158,247,1518,1535,3050,5411,5582,10984
POA6057,134,104,232,520,540,1062,111,124,239,93,76,165,729,748,1468,359,350,711,134,103,233,95,78,171,587,531,1117,21,30,58,15,32,46,68,29,98,39,43,82,0,0,3,143,136,281,66,130,190,24,48,73,14,23,44,38,84,128,0,3,6,150,292,440,6,18,24,34,71,97,0,0,0,38,85,125,600,555,1163,2373,2452,4822
POA6058,83,58,146,406,372,779,44,35,86,69,69,142,518,481,995,263,274,534,42,50,94,63,77,141,363,402,769,28,28,48,17,22,44,32,18,53,28,49,81,0,0,0,105,119,226,45,81,130,30,40,71,18,30,42,32,50,83,0,0,0,127,206,328,17,11,29,21,43,64,0,0,0,37,62,100,423,432,853,1660,1756,3418
POA6059,126,109,235,423,375,795,280,275,548,166,158,328,868,807,1669,274,249,522,277,285,567,191,229,421,743,764,1510,60,40,98,50,53,103,37,19,57,55,73,124,3,3,5,201,181,383,358,410,768,114,111,223,33,62,92,95,136,230,3,11,11,603,725,1328,36,25,59,46,89,138,3,0,7,88,114,202,614,676,1291,3242,3382,6621
POA6060,123,113,231,327,397,727,172,207,378,70,59,129,567,665,1229,188,181,370,155,148,310,48,83,133,391,415,808,52,56,114,80,111,186,24,15,42,78,132,209,0,5,7,235,316,558,237,296,535,174,212,394,31,49,87,149,210,359,0,6,6,600,783,1382,46,53,103,66,84,150,0,3,3,106,143,255,788,946,1737,2811,3383,6196
POA6061,256,235,482,893,818,1717,297,277,571,159,162,323,1350,1256,2604,674,604,1279,198,204,400,130,146,281,1007,954,1958,174,130,306,217,255,474,76,54,128,155,253,411,14,9,23,643,700,1341,409,458,863,293,272,568,66,88,151,170,217,388,3,7,11,942,1038,1979,145,136,279,120,195,320,5,0,8,269,333,606,1850,1795,3637,6312,6305,12617
POA6062,186,181,364,717,610,1326,306,332,640,161,138,300,1184,1087,2271,490,486,980,289,275,567,157,153,312,939,918,1858,93,72,173,81,95,177,74,47,118,83,141,229,3,5,10,344,362,705,426,426,846,144,148,295,51,56,104,116,157,268,4,7,8,740,788,1535,62,57,119,73,111,191,5,4,8,140,175,315,1042,1037,2076,4575,4546,9120
POA6063,99,93,195,432,428,858,115,127,238,109,129,244,654,681,1338,383,331,713,111,91,199,74,79,155,569,504,1072,45,37,81,35,40,79,30,25,61,45,66,110,3,6,12,160,179,339,146,175,319,38,48,91,19,40,61,31,67,98,3,0,7,238,332,572,35,22,56,35,63,101,0,3,3,73,90,155,529,447,980,2325,2326,4648
POA6064,212,207,418,955,895,1852,291,263,558,162,163,331,1410,1322,2730,782,741,1519,250,268,513,125,136,266,1156,1139,2302,101,92,196,84,129,211,79,47,124,107,171,276,6,6,13,379,439,815,343,386,732,102,124,223,47,61,104,71,121,193,5,3,10,567,697,1264,88,72,164,86,134,215,7,4,8,179,209,387,1068,1141,2207,4969,5155,10124
POA6065,459,493,955,2364,2204,4568,514,583,1102,417,434,854,3295,3218,6520,1439,1301,2741,391,427,812,476,515,989,2308,2238,4544,155,125,282,61,117,179,176,78,256,144,230,365,9,5,15,548,551,1096,613,747,1359,140,248,388,96,129,222,202,344,546,0,10,11,1057,1477,2529,73,95,169,96,216,309,3,3,3,173,313,484,1532,1414,2946,9368,9706,19072
POA6066,89,104,193,594,500,1095,198,216,409,84,86,169,879,804,1681,535,493,1021,210,196,406,103,126,224,842,808,1659,55,44,96,27,36,62,61,32,93,42,82,127,0,3,7,186,205,389,250,338,588,57,67,126,27,50,80,56,86,143,0,3,3,394,542,936,25,33,56,35,66,106,0,7,9,61,109,168,471,433,905,2928,3004,5926
POA6067,0,0,0,0,3,3,0,0,0,0,0,0,4,3,3,0,0,0,0,0,0,0,0,0,0,0,0,0,0,0,0,0,0,0,0,0,0,0,0,0,0,0,0,0,0,0,0,0,0,0,0,0,0,0,0,0,0,0,0,0,0,0,0,0,0,0,0,0,0,0,0,0,0,0,0,0,4,5,6,7,13
POA6068,0,0,0,0,0,0,0,0,0,0,0,0,0,0,0,0,0,0,0,0,0,0,0,0,0,0,0,0,0,0,0,0,0,0,0,0,0,0,0,0,0,0,0,0,0,0,0,0,0,0,0,0,0,0,0,0,0,0,0,0,0,0,0,0,0,0,0,0,0,0,0,0,0,0,0,0,0,0,0,0,0
POA6069,313,330,646,1567,1422,2989,365,356,725,464,396,861,2401,2169,4569,777,754,1537,345,327,681,420,381,802,1545,1469,3016,86,88,167,43,69,116,102,66,168,101,198,300,5,4,8,332,422,760,203,327,527,69,156,223,46,64,113,130,231,362,3,4,3,446,781,1226,42,70,115,51,144,198,4,0,4,100,216,310,1273,1331,2604,6425,6718,13135
POA6070,25,23,51,132,121,250,16,12,27,57,49,113,208,181,383,24,31,56,48,20,70,85,81,164,153,139,294,5,3,12,0,3,3,14,4,15,0,11,14,0,0,0,24,20,43,30,40,72,10,19,23,3,3,10,14,31,48,0,0,0,53,94,154,13,7,12,8,11,16,0,0,0,15,17,37,91,100,197,569,580,1152
POA6071,22,14,38,90,89,180,11,19,25,45,45,90,146,152,299,34,29,69,38,20,55,78,87,167,153,134,289,4,5,13,0,6,8,14,5,17,6,15,21,0,0,0,26,28,57,29,55,81,14,7,20,8,10,15,20,36,53,0,0,0,69,105,169,0,3,3,10,11,19,0,0,0,10,10,20,86,75,156,506,520,1032
POA6072,0,3,4,17,17,38,8,3,8,3,10,16,28,36,59,10,9,13,3,12,16,20,16,28,29,30,57,0,4,3,0,0,0,4,0,4,3,0,3,0,0,0,10,8,12,10,7,11,0,3,5,3,0,3,0,5,7,0,0,0,13,18,29,0,0,0,0,3,3,0,0,0,0,3,3,77,69,143,153,152,308
POA6073,18,19,35,70,68,137,17,19,37,33,37,66,118,126,242,39,52,93,24,20,41,39,36,80,104,107,214,6,3,10,3,3,7,15,4,19,4,12,14,0,0,0,26,20,44,20,18,35,4,6,5,9,8,10,6,20,22,0,0,0,36,48,84,0,3,4,7,14,16,0,0,0,3,15,24,77,85,166,382,420,801
POA6074,7,11,13,24,32,53,8,0,8,3,17,19,34,48,79,23,23,47,8,6,14,3,4,7,35,33,68,3,0,0,0,0,3,3,0,3,4,0,3,0,0,0,8,3,15,14,8,21,3,0,3,0,0,0,3,3,8,0,0,0,17,12,29,0,3,4,0,0,0,0,0,0,0,5,3,39,34,67,140,141,278
POA6076,107,114,220,579,520,1103,246,242,486,176,152,329,999,914,1915,384,387,765,435,418,851,145,170,319,964,972,1938,46,35,83,4,23,29,66,30,99,32,66,98,0,3,5,156,153,311,205,258,460,43,54,99,30,43,78,63,154,214,0,4,4,341,508,849,13,19,29,34,71,105,0,4,3,45,92,135,681,663,1345,3300,3414,6713
POA6077,0,0,0,34,25,57,13,5,21,10,11,26,55,39,98,27,29,60,11,11,22,17,21,37,58,60,118,5,3,10,0,0,0,3,0,3,4,3,10,0,0,0,13,5,21,12,21,34,3,0,4,0,3,3,4,8,17,0,0,0,28,35,57,0,0,0,0,0,6,0,0,0,0,4,5,32,38,68,193,186,371
POA6078,6,3,9,29,15,40,8,4,17,9,3,10,42,27,73,15,12,22,8,8,18,10,8,21,31,32,61,3,0,4,0,0,0,3,3,8,0,3,3,0,0,0,5,6,12,13,11,30,6,7,7,0,3,3,0,0,3,0,0,0,16,25,41,0,0,0,0,0,3,0,0,0,0,0,3,49,34,80,159,125,289
POA6079,0,0,0,0,0,0,0,0,0,0,0,0,0,0,0,0,0,0,0,0,0,0,0,0,0,0,0,0,0,0,0,0,0,0,0,0,0,0,0,0,0,0,0,0,0,0,0,0,0,0,0,0,0,0,0,0,0,0,0,0,0,0,0,0,0,0,0,0,0,0,0,0,0,0,0,3,0,3,4,0,3
POA6081,31,32,63,161,154,316,24,25,48,54,58,113,246,233,475,88,71,160,33,39,74,94,68,159,221,174,397,9,3,10,0,6,9,21,7,29,8,11,19,0,0,0,39,27,73,35,50,80,9,20,27,4,10,19,11,19,26,0,0,0,55,93,153,8,6,14,3,25,29,0,0,0,13,35,47,178,138,318,784,740,1521
POA6082,24,23,49,117,119,239,10,7,17,22,20,42,158,145,296,102,97,200,10,3,12,28,33,62,137,136,275,8,7,14,0,8,8,7,4,20,5,14,26,0,0,0,24,39,60,6,27,30,0,10,18,3,4,9,0,16,21,4,0,4,12,63,78,0,5,9,8,5,13,0,0,0,5,12,17,100,85,180,463,494,955
POA6083,21,17,35,101,100,202,11,8,15,30,50,75,143,155,289,54,49,101,24,19,46,66,57,121,145,129,272,5,4,9,0,3,4,14,5,18,6,15,18,0,0,0,32,22,50,15,42,54,3,4,9,3,9,13,6,17,25,0,0,0,37,63,100,0,3,3,0,22,22,0,0,0,0,22,25,129,123,254,496,529,1023
POA6084,47,45,93,255,237,496,60,51,107,50,69,119,368,361,726,186,182,365,60,42,101,77,79,154,325,297,622,10,13,30,0,7,9,28,16,41,15,21,32,0,0,0,49,62,109,32,69,95,4,19,22,9,6,17,15,42,55,0,0,0,56,137,196,10,5,12,6,21,32,0,0,3,12,33,43,470,443,917,1328,1375,2703
POA6090,0,0,0,0,0,0,0,0,0,0,0,0,0,0,0,0,0,0,0,0,0,0,0,4,0,0,4,0,0,0,0,0,0,0,0,0,0,0,0,0,0,0,0,0,0,0,0,0,0,0,0,0,0,0,0,0,0,0,0,0,0,0,0,0,0,0,0,0,0,0,0,0,0,0,0,0,0,0,0,0,4
POA6100,75,65,133,253,269,521,71,72,144,49,50,95,368,394,758,98,89,185,87,102,191,33,43,76,221,229,453,52,35,86,64,80,142,34,19,49,56,69,132,0,0,0,201,202,408,313,319,625,172,177,354,21,41,59,107,120,222,4,4,10,615,663,1277,48,48,91,46,64,106,0,0,0,92,107,200,641,563,1206,2216,2223,4437
POA6101,79,78,154,312,306,615,137,151,287,55,61,114,500,511,1012,149,146,298,132,133,263,50,36,83,328,310,638,57,49,104,77,80,159,29,20,44,44,88,130,3,0,3,207,240,448,327,307,633,180,174,358,31,44,75,126,156,281,0,0,0,663,679,1345,43,37,76,52,67,122,3,0,3,93,103,204,873,772,1648,2746,2699,5448
POA6102,44,48,94,145,152,295,93,52,144,47,47,97,290,248,534,108,100,213,53,63,113,27,26,58,195,195,384,93,77,171,91,82,176,27,15,48,45,55,97,3,4,6,257,233,493,915,789,1696,400,231,631,44,32,73,87,71,156,3,0,3,1444,1114,2566,70,43,109,43,36,82,0,0,0,119,74,194,703,817,1525,3048,2738,5787
POA6103,37,49,79,137,137,276,105,76,182,29,27,59,278,242,519,92,78,168,52,50,102,22,21,42,157,148,307,52,24,80,46,79,131,18,13,35,40,52,90,0,0,0,162,172,334,165,141,312,87,91,178,17,31,44,66,71,140,0,3,3,342,333,677,45,30,70,28,49,81,0,0,0,70,76,154,699,604,1303,1746,1633,3380
POA6104,64,63,127,242,209,452,164,161,327,58,50,113,465,428,894,179,124,298,107,102,208,39,43,81,325,269,592,45,35,77,43,51,94,24,17,44,45,49,99,0,0,0,159,151,314,156,162,318,56,78,135,23,33,59,51,90,138,0,0,0,283,367,653,35,32,62,37,49,86,3,7,8,78,79,161,799,685,1483,2181,2042,4215
POA6105,86,74,161,329,287,616,133,124,263,112,110,216,571,523,1095,199,229,426,102,116,216,59,56,107,359,391,756,65,31,98,44,67,112,38,30,64,50,62,119,0,0,4,203,190,396,165,144,308,100,96,198,11,22,32,55,79,125,0,0,3,321,347,666,38,32,63,39,59,101,0,0,0,75,90,165,745,730,1480,2368,2341,4713
POA6106,0,0,0,0,0,0,0,0,0,0,0,0,0,0,0,0,0,0,0,0,0,0,0,0,0,0,0,0,0,0,0,0,0,0,0,0,0,0,0,0,0,0,0,0,0,0,0,0,0,0,0,0,0,0,0,0,0,0,0,0,0,0,0,0,0,0,0,0,0,0,0,0,0,0,0,4,5,11,6,5,11
POA6107,259,255,522,1186,1109,2290,317,286,601,292,274,567,1789,1668,3461,656,593,1247,312,297,607,206,202,403,1173,1093,2259,241,162,407,212,242,450,101,64,168,155,236,386,3,3,8,713,705,1418,829,876,1703,499,470,966,73,93,161,151,231,387,7,9,9,1557,1673,3233,166,148,317,96,162,260,3,3,5,272,312,582,1476,1315,2789,7236,7018,14258
POA6108,132,152,282,702,695,1399,133,136,268,138,145,292,984,977,1958,526,502,1028,144,142,283,119,143,268,788,788,1581,72,70,145,55,61,119,67,43,115,81,106,192,0,4,5,282,290,577,222,269,494,79,101,178,30,29,54,57,102,164,0,6,3,395,505,899,30,35,67,51,84,138,0,3,3,80,122,206,604,547,1153,3255,3396,6652
POA6109,74,63,142,411,364,774,55,44,104,40,71,112,510,484,989,271,265,543,67,50,124,47,47,87,388,368,749,29,63,96,23,43,70,29,26,52,53,72,126,3,3,8,139,210,346,89,100,184,40,44,87,10,12,26,20,39,55,0,0,0,159,197,362,22,20,43,26,56,76,0,0,0,48,74,120,502,446,948,1825,1838,3663
POA6110,332,292,624,1449,1305,2756,289,248,530,337,298,636,2074,1850,3923,892,841,1735,233,236,467,290,250,539,1416,1332,2743,114,94,210,74,131,205,109,81,195,88,187,273,4,3,8,392,500,889,324,383,708,102,165,265,43,63,106,113,202,313,3,5,6,585,823,1404,60,60,123,83,133,215,0,0,3,140,199,337,1486,1452,2934,6415,6442,12857
POA6111,123,150,276,728,663,1393,87,89,176,143,139,284,962,889,1853,512,511,1019,94,93,186,143,134,280,745,743,1487,59,63,118,29,44,70,64,36,102,55,102,154,0,0,3,200,245,454,150,191,344,56,69,125,24,38,60,67,124,190,0,3,3,295,425,725,28,39,65,36,84,114,3,0,5,63,120,185,845,854,1704,3245,3430,6675
POA6112,502,465,974,1954,1797,3752,304,336,643,529,546,1073,2789,2681,5474,1062,1028,2091,186,180,363,435,481,916,1679,1690,3370,128,156,280,91,177,270,145,109,255,156,262,426,8,4,12,534,705,1242,345,484,831,149,257,408,56,92,146,219,346,561,6,10,10,773,1189,1959,76,97,169,97,200,301,6,8,13,180,303,482,1941,1843,3785,8404,8879,17283
POA6121,23,13,32,87,77,163,20,15,39,45,29,77,145,126,271,69,36,100,22,26,49,47,56,106,140,111,257,7,4,9,0,0,0,10,7,14,4,12,18,0,0,0,21,23,42,23,42,70,3,3,8,7,0,6,0,10,16,0,0,0,35,63,96,0,5,4,3,8,13,0,0,0,3,12,19,80,62,140,447,406,854
POA6122,147,157,301,761,665,1430,98,86,183,156,172,330,1010,929,1938,358,385,751,33,43,72,156,164,322,547,591,1145,33,36,71,18,28,47,46,41,79,61,81,142,3,0,3,162,183,347,74,119,187,24,60,83,13,19,31,47,98,143,0,0,3,153,297,449,12,24,34,23,56,75,0,0,0,36,77,112,551,494,1042,2615,2725,5341
POA6123,12,9,22,30,48,79,4,4,8,19,17,32,47,74,123,32,31,58,3,4,5,13,19,35,50,49,98,3,0,6,0,0,0,3,7,8,3,3,8,0,0,0,9,13,22,3,4,7,3,3,10,3,3,6,4,4,6,0,0,0,9,20,27,0,0,0,0,3,3,0,0,0,0,3,3,87,55,144,220,227,443
POA6124,9,9,23,35,18,60,4,3,4,20,12,38,59,35,99,7,18,33,3,3,4,7,16,26,23,41,64,4,3,5,0,7,7,0,0,4,3,0,4,0,0,0,8,13,18,4,11,17,3,3,9,3,0,3,4,3,7,0,0,0,14,16,31,0,0,0,0,3,4,0,0,0,0,3,4,52,58,113,164,183,345
POA6125,14,11,27,102,95,193,5,8,14,31,26,49,129,123,257,73,45,120,7,5,18,45,50,91,128,95,229,0,5,12,0,0,0,13,7,23,3,11,10,0,0,0,19,26,42,15,15,29,4,4,5,0,4,3,7,14,21,0,0,0,23,36,57,8,8,9,3,0,3,0,0,0,4,10,19,150,141,290,472,439,909
POA6126,0,0,0,12,4,16,0,0,0,0,0,0,10,6,19,0,8,8,0,0,0,0,0,3,0,10,9,0,0,0,0,0,0,0,0,3,0,0,0,0,0,0,0,0,3,0,0,3,3,0,3,0,0,0,0,0,0,0,0,0,5,0,3,0,0,0,0,3,3,0,0,0,3,4,3,345,21,363,362,41,405
POA6147,65,94,156,446,410,858,100,80,182,78,81,155,629,570,1200,388,292,685,57,49,103,51,73,122,500,414,909,55,31,81,56,61,118,41,15,53,47,81,126,0,0,0,203,178,376,209,219,420,87,89,178,22,24,47,42,78,122,0,0,0,360,401,765,47,27,68,38,46,89,0,0,0,87,75,161,427,348,776,2264,2083,4348
POA6148,117,94,209,623,597,1219,100,91,190,49,58,103,768,743,1511,590,558,1152,76,72,145,87,75,165,754,711,1462,34,32,62,33,43,81,30,11,40,44,69,116,0,0,3,146,152,301,376,399,777,94,113,212,37,44,81,87,106,193,3,4,4,595,672,1265,12,16,33,32,44,73,0,0,0,43,65,111,363,386,746,2796,2821,5612
POA6149,107,110,212,693,626,1320,76,75,153,55,36,95,827,744,1572,462,410,870,103,88,197,155,166,321,720,666,1381,36,35,72,16,29,52,43,17,56,27,51,77,0,0,0,127,128,258,375,391,762,103,92,196,46,42,90,84,112,194,3,0,3,605,638,1240,10,20,34,32,51,80,0,0,3,44,71,114,294,294,594,2719,2656,5369
POA6150,62,63,125,344,297,639,90,99,188,37,35,75,470,426,895,233,250,482,170,141,313,120,95,216,518,488,1006,51,25,80,26,24,52,36,15,51,14,21,37,3,0,3,132,80,217,511,492,1006,145,157,299,42,35,76,57,71,122,0,0,0,755,756,1512,9,15,27,19,26,51,0,0,3,28,46,78,403,412,817,2370,2275,4651
POA6151,71,76,148,328,323,651,103,101,203,152,119,267,580,539,1124,126,126,249,83,91,180,378,218,597,590,434,1028,36,44,71,28,56,79,19,6,24,35,58,96,0,0,3,114,163,277,350,340,698,153,140,292,39,46,89,110,145,262,0,3,5,659,683,1338,26,17,37,36,62,98,0,0,3,58,79,137,655,630,1286,2734,2605,5340
POA6152,141,103,250,420,468,891,236,181,415,121,146,266,781,794,1580,232,212,452,474,161,635,163,263,429,875,641,1512,75,59,127,51,68,123,41,31,77,75,104,179,3,3,4,250,266,514,814,894,1702,343,278,622,68,70,139,168,210,381,6,4,7,1393,1454,2844,30,25,57,41,88,132,3,0,3,77,118,190,808,914,1724,4325,4293,8614
POA6153,119,126,252,556,484,1035,134,145,277,75,114,189,759,738,1497,301,282,580,181,165,347,206,211,411,683,658,1341,38,22,64,27,31,60,35,12,45,29,57,83,3,0,3,130,126,257,414,445,859,95,129,222,47,48,101,107,142,248,0,3,3,664,764,1430,14,33,41,29,51,78,0,0,0,37,82,121,545,566,1112,2950,3063,6012
POA6154,63,68,132,388,309,700,86,84,172,23,26,50,500,418,916,232,178,412,121,115,233,73,61,127,420,354,774,20,4,28,7,17,25,15,10,27,21,32,52,0,0,0,66,61,135,180,189,362,50,44,98,21,11,34,52,66,116,0,0,3,302,311,609,9,13,21,21,36,50,0,3,3,25,47,71,256,317,574,1642,1574,3214
POA6155,330,336,666,2125,1935,4061,299,322,617,246,244,497,2670,2497,5172,1786,1725,3509,298,274,569,316,372,687,2403,2365,4763,141,106,248,73,125,199,150,66,212,112,205,319,4,3,4,478,504,987,997,1052,2050,242,276,517,112,112,226,190,278,469,9,5,16,1546,1727,3276,75,73,149,76,145,223,3,4,9,154,219,373,1892,888,2783,9478,8544,18018
POA6156,98,102,204,544,477,1021,230,235,460,51,59,113,822,768,1599,266,219,487,236,449,687,121,98,221,625,769,1398,23,19,46,23,24,43,25,13,41,32,56,89,3,0,3,106,113,223,214,293,505,72,86,157,30,43,71,60,122,182,4,5,7,375,548,925,18,16,29,30,44,73,0,0,0,47,54,101,454,509,968,2534,2876,5408
POA6157,84,83,163,388,332,723,120,143,264,21,48,65,529,525,1047,146,122,266,184,210,397,72,83,153,394,418,816,20,13,31,12,15,28,21,9,25,30,46,76,0,0,3,91,80,170,163,198,368,58,96,154,22,33,56,72,119,198,0,0,3,320,449,775,6,14,24,17,35,55,0,0,0,25,48,75,426,464,888,1867,2074,3940
POA6158,41,46,91,241,240,480,48,69,118,33,42,76,328,354,676,78,92,169,99,114,215,68,69,138,241,276,522,6,0,12,11,12,21,7,4,13,3,17,29,0,0,0,26,38,68,125,154,276,26,38,66,16,11,25,35,66,110,0,0,0,201,272,476,0,0,3,13,21,36,0,0,0,17,19,36,262,269,530,1120,1284,2407
POA6159,7,18,25,59,66,125,10,8,21,18,18,39,80,99,178,37,29,67,16,22,30,26,25,54,77,69,152,5,0,11,7,4,9,3,0,5,3,6,9,0,0,0,18,11,35,32,38,67,18,37,56,8,7,12,18,37,51,0,0,0,73,117,191,0,0,0,7,3,19,0,0,0,7,4,20,178,187,365,455,516,971
POA6160,31,34,67,124,114,236,16,30,44,16,24,42,156,168,322,79,76,149,40,42,82,30,45,78,152,163,310,18,16,32,20,24,40,14,5,17,20,29,49,3,0,3,69,73,144,93,126,222,78,117,194,7,19,21,60,96,153,3,0,6,234,364,597,6,9,12,19,32,49,0,0,0,23,39,59,484,480,956,1146,1315,2461
POA6161,0,0,0,3,4,6,0,0,0,0,0,0,3,4,6,0,0,0,0,0,0,0,0,0,0,0,0,0,0,0,0,0,0,0,0,0,0,0,0,0,0,0,0,0,0,0,0,0,0,0,0,0,0,0,0,3,3,0,0,0,0,3,3,0,0,0,0,0,0,0,0,0,0,0,0,125,106,228,125,114,234
POA6162,57,63,120,270,251,524,79,92,167,48,50,101,393,399,792,137,119,253,103,123,224,47,45,94,283,293,577,20,14,29,19,20,35,16,17,31,26,42,66,0,0,0,78,89,167,111,138,247,79,107,187,17,20,42,85,129,216,0,0,0,295,394,688,4,9,14,12,33,45,0,0,3,20,48,66,411,385,795,1538,1670,3211
POA6163,255,262,521,1140,1062,2210,383,433,820,158,195,352,1689,1687,3380,663,641,1298,512,504,1017,216,218,437,1384,1368,2751,93,96,194,76,111,193,112,71,183,133,174,307,3,4,5,425,452,876,530,732,1264,263,356,621,78,108,188,216,355,573,0,7,11,1091,1566,2656,49,65,120,102,147,249,5,11,13,153,222,373,1886,1984,3874,6892,7542,14435
POA6164,438,432,870,2397,2133,4534,529,490,1020,178,180,354,3107,2803,5906,1081,1068,2155,604,661,1265,266,268,535,1959,1990,3951,196,118,315,95,133,228,154,90,249,170,256,424,0,6,4,629,597,1221,513,708,1213,183,270,453,84,115,200,233,403,641,0,6,7,1011,1500,2516,85,70,159,98,188,286,0,3,3,187,262,446,1685,1611,3293,9015,9201,18213
POA6165,0,0,0,0,0,0,0,0,0,0,0,0,0,0,0,0,3,3,0,0,0,0,0,3,0,6,3,3,0,3,0,0,0,3,0,0,0,0,0,0,0,0,3,0,8,0,0,0,0,0,0,0,0,0,0,0,0,0,0,0,0,0,0,0,0,0,0,0,0,0,0,0,0,0,0,4,4,12,9,8,19
POA6166,48,60,107,223,221,441,149,145,293,19,20,36,388,386,773,85,89,173,188,207,396,25,38,58,291,334,625,23,9,38,5,7,18,36,18,50,15,37,52,0,0,3,81,73,156,93,131,226,8,29,41,4,20,21,24,70,90,0,0,0,133,246,380,7,4,10,20,30,48,0,0,0,21,31,54,283,260,536,1245,1395,2636
POA6167,182,167,350,940,828,1770,146,138,286,155,183,342,1247,1148,2398,495,498,991,120,99,220,133,135,264,744,730,1474,67,55,122,24,65,88,64,34,95,73,95,175,0,0,0,230,251,481,105,193,301,58,111,174,19,34,51,74,125,197,0,3,3,264,464,731,23,51,74,44,90,135,0,0,0,70,138,209,2104,1123,3223,4850,4020,8873
POA6168,103,97,197,630,533,1165,123,124,243,86,80,162,840,730,1571,371,361,729,130,130,266,78,81,162,578,576,1160,51,52,104,23,64,91,49,57,104,37,80,117,7,4,12,172,264,432,83,118,206,40,78,116,16,28,43,33,105,137,0,0,0,176,326,501,26,35,59,26,88,109,6,3,4,50,121,177,1306,1125,2432,3226,3249,6470
POA6169,210,200,411,1109,1047,2157,193,209,402,244,200,439,1543,1457,2996,729,637,1371,183,187,366,221,215,438,1132,1043,2172,81,74,149,29,71,100,91,58,149,104,138,238,3,6,8,302,344,645,168,242,411,41,121,156,30,33,60,84,173,262,4,3,4,324,574,895,44,39,86,52,124,176,0,3,3,97,166,263,1313,1232,2547,4921,5017,9938
POA6170,100,96,197,356,341,695,90,101,190,139,153,295,594,594,1186,227,204,428,54,55,108,94,98,194,377,354,733,34,36,76,32,36,67,37,22,61,44,62,106,0,0,0,150,164,310,112,143,258,37,60,101,22,20,40,63,95,162,0,3,5,233,323,561,27,22,48,17,59,74,0,0,0,42,84,123,474,392,866,1975,2001,3970
POA6171,279,257,538,1405,1367,2774,197,239,440,279,265,543,1885,1876,3754,699,714,1417,85,110,198,236,253,493,1024,1077,2106,61,87,143,21,65,89,80,52,136,71,157,227,3,7,7,241,364,606,162,241,401,54,147,198,25,62,83,108,214,317,0,6,7,348,659,1011,15,38,52,50,126,172,3,0,3,66,160,228,1301,1215,2513,5143,5607,10754
POA6172,83,80,167,625,560,1190,80,107,181,96,96,194,804,763,1566,375,374,752,91,89,179,143,140,285,613,603,1218,28,24,56,9,21,30,54,36,85,25,63,92,0,0,0,115,150,263,70,113,190,16,44,62,18,30,43,25,62,84,0,0,0,135,249,381,12,22,34,17,41,59,0,0,3,38,61,96,570,555,1120,2354,2458,4807
POA6173,101,99,205,624,577,1197,64,52,116,117,125,244,804,755,1556,434,399,828,53,61,113,168,151,311,655,604,1260,24,35,58,5,18,24,51,32,76,23,47,68,0,0,0,103,130,231,72,128,204,11,48,59,15,23,42,42,67,116,0,0,0,148,270,417,7,18,20,21,41,58,0,0,0,26,55,78,401,316,721,2233,2239,4470
POA6174,28,18,44,186,176,363,26,19,41,21,23,49,230,221,448,130,110,241,18,11,32,28,32,58,178,156,333,13,13,32,3,11,15,14,14,32,11,21,31,0,0,0,45,60,104,12,33,47,7,14,21,0,3,3,7,30,35,0,0,0,29,85,111,3,4,4,5,20,26,0,0,0,9,19,28,132,134,274,652,694,1348
POA6175,32,31,65,167,169,338,9,10,23,50,35,87,230,207,436,93,83,172,15,15,27,68,56,125,173,147,325,13,9,20,3,7,9,21,12,25,11,13,20,0,0,0,39,33,80,12,27,40,3,21,26,0,9,9,9,20,26,0,0,0,26,87,109,0,3,3,0,17,15,0,0,0,0,15,17,131,94,226,637,615,1253
POA6176,12,16,26,48,43,85,0,0,3,11,20,30,58,62,115,28,29,54,3,0,3,5,14,17,37,39,71,3,5,11,0,3,3,3,6,16,0,8,6,0,0,0,11,26,31,8,4,17,0,3,7,3,3,3,7,7,10,0,0,0,14,24,39,3,4,7,0,7,13,0,0,0,3,17,20,67,63,133,200,231,436
POA6180,49,33,89,228,216,447,28,27,58,81,73,153,337,316,656,77,78,160,22,19,41,68,74,145,171,171,338,11,14,26,3,11,9,29,15,38,16,13,33,0,0,0,55,54,109,21,35,59,5,26,35,5,6,8,6,35,45,0,0,0,46,103,143,4,14,19,5,24,31,3,0,3,13,37,50,185,163,348,861,881,1743
POA6181,0,4,3,15,18,33,3,0,3,3,6,13,28,32,54,13,3,18,3,0,7,10,16,22,30,21,51,4,0,4,0,0,0,3,0,3,0,0,0,0,0,0,9,0,9,3,8,7,0,0,0,0,0,0,0,3,4,0,0,0,9,6,12,0,0,0,0,3,3,0,0,0,0,3,3,20,15,31,85,77,171
POA6182,0,0,0,0,0,3,0,0,0,0,0,0,0,0,3,0,0,0,0,0,0,0,0,0,0,0,0,0,0,0,0,0,0,0,0,0,0,0,0,0,0,0,0,0,0,0,0,0,0,0,0,0,0,0,0,0,0,0,0,0,0,0,0,0,0,0,0,0,0,0,0,0,0,0,0,0,0,0,0,0,3
POA6207,10,3,20,33,40,67,3,3,9,10,4,15,45,49,92,21,16,41,3,4,6,8,12,22,26,40,69,3,0,3,0,0,0,3,0,3,3,0,3,0,0,0,10,8,13,7,4,12,0,4,4,0,3,3,0,8,6,0,0,0,8,23,31,0,0,0,0,4,3,0,0,0,4,4,5,50,45,100,153,160,320
POA6208,93,75,164,317,318,633,63,100,164,106,104,213,486,518,1008,230,258,482,33,36,71,78,87,167,338,383,724,8,25,32,4,23,35,32,20,55,19,34,54,0,0,0,68,113,178,34,56,87,9,36,43,0,11,14,12,53,64,0,0,0,55,153,207,3,10,16,10,31,38,0,0,0,17,43,57,556,513,1072,1603,1793,3400
POA6209,8,6,12,39,38,77,8,9,15,15,19,36,65,73,137,35,35,65,8,6,23,22,15,35,61,55,118,11,6,14,0,4,3,5,3,10,0,6,7,0,0,0,17,23,40,10,13,17,0,3,3,0,0,0,3,4,3,0,0,0,9,18,30,0,9,9,4,6,8,0,0,0,3,13,16,86,57,142,253,244,497
POA6210,339,342,675,1844,1717,3562,420,437,855,449,419,866,2713,2580,5286,1124,1034,2161,373,464,839,530,551,1085,2031,2049,4082,131,150,278,49,143,197,188,118,309,112,236,347,4,6,11,488,651,1136,310,464,775,87,227,316,53,89,142,118,303,419,3,0,4,571,1084,1654,53,87,144,88,237,319,3,3,6,149,328,473,2508,2491,4998,8797,9515,18309
POA6211,45,41,81,228,196,427,105,118,223,23,28,51,355,348,705,116,95,209,82,60,146,36,40,75,241,193,431,10,13,25,0,14,15,15,6,21,13,21,34,0,0,0,38,58,94,12,40,50,0,33,32,9,9,14,12,36,50,0,0,0,41,113,151,0,7,7,10,26,30,0,0,0,8,32,42,280,229,511,1004,1012,2013
POA6213,4,0,8,20,19,38,6,3,7,3,4,3,26,28,49,21,10,34,3,0,3,3,6,13,29,16,43,0,0,0,0,7,7,0,0,0,0,6,5,0,0,0,0,11,7,0,3,0,0,0,5,0,0,3,3,0,3,0,0,0,6,6,9,0,3,3,0,0,0,0,0,0,0,3,3,54,49,105,121,111,230
POA6214,6,4,10,12,11,23,7,6,10,4,9,11,23,27,49,24,8,30,5,6,11,4,6,14,29,24,51,0,0,3,0,0,0,3,0,4,3,0,3,0,0,0,8,5,10,0,4,3,0,0,0,0,0,0,0,0,0,0,0,0,0,3,9,0,0,0,0,0,0,0,0,0,0,0,0,34,24,58,95,86,185
POA6215,21,19,38,84,84,168,61,55,119,11,11,25,162,154,315,89,69,154,30,28,55,24,30,55,142,123,269,4,7,12,0,3,4,16,7,16,0,14,20,0,0,0,22,31,49,6,9,18,3,8,11,0,7,9,6,7,17,0,0,0,14,34,48,0,6,9,0,6,6,0,0,0,0,20,19,244,260,502,604,641,1244
POA6218,0,3,5,14,13,27,0,0,0,0,0,0,14,15,28,11,13,22,0,3,8,0,3,3,13,18,31,0,0,0,0,0,0,0,0,0,0,0,0,0,0,0,0,4,4,0,0,0,0,0,0,0,0,0,0,0,0,0,0,0,0,4,8,0,0,0,0,0,0,0,0,0,0,0,0,10,17,29,39,63,104
POA6220,26,21,47,118,119,237,69,58,128,14,14,23,197,190,387,99,83,185,27,30,63,14,18,33,144,130,281,4,3,14,3,4,7,12,10,21,8,23,35,0,3,0,32,50,76,6,15,23,0,7,3,0,4,4,4,11,15,0,0,0,9,39,52,3,3,6,5,3,10,0,0,0,8,7,15,235,240,471,651,676,1326
POA6221,0,0,3,5,0,9,5,7,14,4,4,13,16,13,33,42,29,74,3,8,10,8,0,8,49,35,86,0,0,0,0,0,0,3,3,4,0,3,3,0,0,0,3,8,9,0,0,0,0,0,0,0,0,0,0,0,0,0,0,0,0,4,4,0,0,0,0,0,0,0,0,0,0,0,0,66,53,118,138,117,255
POA6223,3,0,3,5,3,6,6,3,4,0,0,0,9,8,19,0,6,9,3,9,8,3,0,3,5,15,21,0,0,0,0,0,0,0,0,0,0,0,0,0,0,0,0,3,5,0,0,0,0,0,0,0,0,0,3,3,4,0,0,0,3,3,9,0,0,0,0,0,0,0,0,0,0,0,0,14,14,31,39,40,78
POA6224,9,4,18,24,23,44,19,9,28,14,3,17,51,36,89,30,23,57,13,12,27,4,3,9,50,47,95,3,3,4,0,6,6,5,5,10,0,4,6,0,0,0,10,14,19,4,3,5,0,0,0,0,0,0,3,6,7,0,0,0,3,8,18,4,0,7,0,3,3,0,0,0,4,4,4,62,49,115,191,159,353
POA6225,60,53,116,314,262,574,72,85,153,14,9,26,399,353,753,232,230,458,34,28,61,23,22,38,285,272,554,13,8,18,6,3,8,28,14,47,13,42,59,0,0,0,63,72,138,3,10,16,4,17,19,3,3,4,3,27,29,0,0,0,15,56,66,0,3,5,7,18,27,0,0,0,9,24,30,462,482,937,1284,1315,2597
POA6226,7,3,13,22,16,39,13,18,31,16,12,22,53,45,96,20,18,35,8,6,20,17,9,22,43,36,77,0,3,3,0,0,0,3,3,8,3,3,5,0,0,0,5,11,13,0,0,0,0,4,7,0,3,3,3,3,9,0,0,0,4,17,19,0,0,0,0,0,0,0,0,0,0,0,0,23,23,45,141,128,270
POA6227,8,13,16,17,25,48,16,22,32,15,5,20,50,52,106,11,14,24,5,5,8,10,9,18,22,22,49,0,3,0,0,0,0,0,3,8,4,0,0,0,0,0,7,10,10,3,0,3,0,3,0,0,0,0,4,6,8,0,0,0,7,5,17,0,0,0,0,0,3,0,0,0,0,0,3,38,39,72,133,140,274
POA6228,0,0,0,6,3,9,3,3,6,0,0,0,10,3,19,4,7,6,3,4,5,0,3,3,9,8,19,0,0,0,0,0,0,0,0,0,0,5,5,0,0,0,0,5,5,0,0,0,0,0,0,0,0,0,0,0,0,0,0,0,0,0,0,0,0,0,0,3,3,0,0,0,0,3,3,12,7,15,29,28,61
POA6229,0,4,3,3,3,3,0,0,0,0,0,0,3,6,4,3,0,9,0,0,0,0,0,0,3,0,9,0,0,0,0,0,0,0,0,0,0,0,0,0,0,0,0,0,0,0,0,0,0,0,0,0,0,0,0,0,0,0,0,0,0,0,0,0,0,0,0,0,0,0,0,0,0,0,0,15,3,17,22,11,39
POA6230,265,249,513,1306,1250,2553,294,313,606,265,253,519,1863,1817,3681,1003,975,1971,283,266,553,281,277,559,1569,1519,3086,76,106,184,45,91,134,134,74,206,83,182,268,3,0,3,341,457,793,55,170,221,58,143,201,17,41,62,87,251,336,0,3,3,224,600,822,28,51,83,70,113,185,0,3,3,103,169,270,1957,1633,3590,6313,6446,12755
POA6232,110,71,179,359,363,725,82,80,161,55,50,106,497,493,988,259,293,558,44,60,111,42,47,83,348,403,750,21,12,36,11,32,41,32,20,46,18,52,70,0,0,3,82,120,205,11,26,37,3,33,37,4,9,14,14,52,63,0,3,3,32,129,156,8,10,15,13,41,59,0,0,0,26,52,74,385,365,750,1477,1620,3096
POA6233,141,115,257,827,786,1609,143,139,280,77,67,138,1048,991,2033,511,485,1000,120,153,272,88,76,167,719,715,1435,27,20,45,5,43,46,59,24,85,45,103,148,4,0,5,142,191,329,24,60,86,17,40,60,13,24,32,44,111,156,0,0,0,100,235,342,4,15,15,16,47,64,0,0,0,22,58,84,707,677,1384,2880,2982,5864
POA6236,6,7,10,47,64,105,26,26,57,10,9,23,81,103,183,35,37,73,41,41,80,8,5,17,84,91,171,4,5,9,0,0,0,15,5,18,3,6,14,0,0,0,21,16,34,7,7,8,3,8,6,3,0,5,0,13,13,0,0,0,6,26,35,0,6,6,3,8,9,0,0,0,3,7,13,77,56,137,284,305,588
POA6237,11,13,28,71,54,122,26,30,57,25,26,49,127,106,234,38,62,97,26,19,40,21,29,52,84,113,194,0,3,5,0,4,4,15,3,14,5,14,15,0,0,0,17,20,41,3,5,14,0,5,5,0,3,5,3,12,20,0,0,0,10,24,38,0,3,5,3,6,12,0,0,0,3,12,11,81,72,152,328,357,689
POA6239,34,22,56,110,121,227,62,53,113,7,19,26,178,187,361,88,85,168,24,26,47,30,25,54,134,135,270,8,8,18,0,4,4,10,11,18,9,11,16,0,0,0,28,29,52,6,10,12,3,10,11,6,4,7,3,23,23,0,0,0,13,41,51,0,6,9,4,6,15,5,0,3,12,17,25,212,233,449,608,665,1271
POA6240,0,0,0,0,0,4,0,0,0,0,0,0,0,0,4,0,0,3,0,0,0,3,0,4,3,4,3,0,0,0,0,0,0,0,0,0,0,0,0,0,0,0,4,0,4,0,0,0,0,0,0,0,0,0,0,0,0,0,0,0,0,0,0,0,0,0,0,0,0,0,0,0,0,0,0,3,3,7,8,9,21
POA6243,0,0,0,0,3,3,0,0,3,0,0,0,0,7,3,3,0,5,0,0,0,0,0,0,3,0,5,0,0,0,0,0,0,0,0,0,0,0,0,0,0,0,0,0,0,0,0,0,0,0,0,0,0,0,0,0,0,0,0,0,0,0,0,0,0,0,0,0,0,0,0,0,0,0,0,3,0,3,6,11,16
POA6244,8,7,16,35,41,78,22,34,53,0,0,3,62,74,135,27,30,60,3,4,10,4,0,4,39,30,67,0,0,0,0,0,0,0,3,3,0,9,9,0,0,0,0,14,14,0,3,3,0,3,3,0,0,0,0,4,5,0,0,0,0,7,12,0,0,0,0,0,4,0,0,0,0,0,5,59,58,126,171,200,376
POA6251,0,3,3,6,8,10,8,3,10,3,0,3,12,9,26,4,10,12,4,4,8,0,4,3,7,12,20,3,0,3,0,0,0,0,0,0,3,3,7,0,0,0,5,3,6,0,0,0,0,0,0,0,0,0,0,3,3,0,0,0,0,4,7,3,3,4,0,0,0,0,0,0,3,3,4,28,25,55,62,62,121
POA6252,0,0,0,0,4,7,0,0,0,0,0,0,5,9,14,0,3,3,0,0,4,0,0,0,3,3,9,0,0,0,0,0,0,0,0,0,0,0,0,0,0,0,0,0,0,0,0,0,0,0,0,0,0,0,0,0,0,0,0,0,0,0,0,0,0,0,0,0,0,0,0,0,0,0,0,7,7,15,15,18,36
POA6253,0,3,4,6,13,22,3,0,3,4,0,4,14,13,23,13,11,30,0,0,0,3,4,4,21,20,36,0,0,0,0,0,0,0,0,0,0,4,4,0,0,0,3,6,7,0,0,0,0,0,0,0,0,0,0,3,3,0,0,0,5,6,4,0,0,0,0,0,0,0,0,0,0,4,4,25,25,52,60,70,131
POA6254,0,0,3,13,18,32,7,4,8,0,0,0,24,21,45,18,11,26,0,3,7,0,3,3,15,19,33,0,0,3,0,0,0,0,0,3,0,0,0,0,0,0,3,6,7,0,0,0,0,0,3,0,0,0,0,0,0,0,0,0,0,0,4,0,0,0,0,3,3,0,0,0,0,3,3,20,21,42,66,73,141
POA6255,26,15,38,99,95,194,51,73,125,6,6,7,154,175,330,91,80,168,23,34,61,0,7,7,117,124,236,0,5,6,0,3,3,14,3,17,8,16,23,0,0,0,23,32,52,3,3,6,4,3,8,0,0,3,0,21,18,0,0,0,9,32,38,3,0,5,3,4,10,0,0,0,7,8,14,183,178,359,505,560,1068
POA6256,4,4,6,13,11,19,7,5,8,0,0,0,17,14,27,14,12,23,0,3,5,0,0,3,12,14,30,0,0,0,0,0,0,0,0,0,0,4,4,0,0,0,0,4,4,0,0,0,0,0,0,0,0,0,0,6,6,0,0,0,0,3,6,0,0,0,0,4,4,0,0,0,0,3,3,21,17,32,54,51,108
POA6258,39,39,75,182,174,357,91,78,171,0,6,8,274,255,528,206,178,388,54,59,111,9,3,14,269,244,511,5,3,6,3,3,8,15,19,38,9,32,41,0,0,0,35,60,88,6,5,8,4,5,7,0,9,9,10,17,26,0,0,0,16,32,53,6,0,10,0,6,6,0,0,0,10,9,16,284,345,631,924,988,1905
POA6260,4,11,15,45,42,86,20,18,35,0,0,0,62,58,119,41,44,82,18,8,23,0,0,0,53,53,109,3,0,3,0,4,4,0,0,0,3,4,8,3,0,3,10,10,18,0,0,4,0,0,0,0,0,0,5,8,7,0,0,0,3,7,15,0,0,0,0,6,7,0,0,0,0,6,7,78,70,150,223,213,437
POA6262,4,3,6,21,29,49,3,3,4,0,0,0,25,33,56,29,19,47,0,0,0,0,0,0,28,19,48,0,0,0,0,0,0,0,0,0,0,5,3,0,0,0,4,5,6,0,4,4,0,0,0,0,0,0,0,3,3,0,0,0,0,3,3,0,0,0,0,0,0,0,0,0,0,0,0,43,32,69,103,96,199
POA6271,25,31,50,129,126,257,11,5,15,32,19,54,169,149,322,63,64,134,14,19,33,34,27,61,110,118,228,9,6,10,6,10,12,7,11,19,7,18,25,0,0,0,28,41,69,0,14,10,0,16,16,0,8,8,9,18,26,0,0,0,10,49,60,3,0,3,3,10,12,0,0,0,8,9,19,144,140,288,491,532,1027
POA6275,3,3,15,45,34,76,0,5,3,3,5,9,48,42,86,26,18,37,3,0,9,5,3,11,32,25,55,0,0,0,0,0,0,0,4,3,0,7,7,0,0,0,0,7,8,0,0,0,0,0,0,0,0,0,0,8,8,0,0,0,0,11,11,0,0,0,0,4,4,0,0,0,0,4,4,69,71,139,156,158,316
POA6280,162,146,310,757,703,1464,225,229,453,326,330,653,1304,1265,2565,562,523,1084,211,232,441,258,239,505,1036,999,2032,33,65,96,16,55,72,102,48,153,65,144,208,3,3,4,219,315,534,28,66,92,19,65,81,6,20,25,36,145,181,0,0,0,89,291,378,30,35,63,25,55,86,3,0,3,55,90,146,1109,1159,2272,3975,4263,8230
POA6281,52,44,97,258,220,478,92,100,187,43,46,85,389,362,755,81,80,157,81,77,156,54,63,120,217,222,439,6,3,10,5,18,19,10,11,19,7,33,40,0,0,0,25,59,87,4,19,25,4,23,30,0,4,8,19,43,65,0,0,0,31,86,120,0,5,5,9,20,33,0,0,0,14,23,39,306,252,555,1043,1057,2095
POA6282,10,10,25,40,27,67,11,15,28,14,8,19,64,52,119,18,6,27,11,15,26,18,23,39,46,47,97,0,0,0,0,0,0,4,0,5,0,4,8,0,0,0,7,10,13,3,3,9,0,3,3,0,0,0,0,7,7,0,0,0,3,12,21,0,0,0,0,4,10,0,0,0,3,7,7,53,58,111,191,196,387
POA6284,14,22,39,112,91,201,12,15,22,20,12,29,135,116,256,59,54,113,10,5,16,7,6,18,76,73,147,3,0,3,0,0,0,9,0,8,0,10,17,0,0,0,17,15,27,4,0,3,0,8,9,0,0,0,3,13,19,0,0,0,9,21,33,0,4,4,3,3,10,0,0,0,3,5,8,138,113,250,391,369,756
POA6285,76,67,148,339,275,614,62,47,111,81,88,174,485,404,897,271,254,523,14,9,23,20,28,45,301,292,596,6,14,20,11,14,21,12,14,29,34,70,100,0,0,0,64,111,174,16,14,32,16,29,45,3,8,8,19,62,79,0,0,0,52,112,168,0,9,7,10,28,42,0,0,0,14,35,46,428,395,828,1428,1422,2855
POA6286,3,3,8,17,11,28,0,0,4,0,0,3,21,20,36,14,12,21,0,0,0,0,0,0,14,15,26,0,0,0,0,0,0,0,0,0,0,3,7,0,0,0,0,3,11,0,0,0,0,0,3,0,0,0,0,4,3,0,0,0,3,3,9,0,0,0,3,0,3,0,0,0,3,0,3,23,25,46,70,66,133
POA6288,4,3,7,21,24,44,0,3,9,0,0,3,22,34,56,17,24,42,0,0,0,0,3,3,22,26,46,0,0,0,0,0,0,0,0,0,0,0,0,0,0,0,3,0,3,3,0,3,0,3,3,0,0,0,0,4,4,0,0,0,3,3,7,0,0,0,0,0,0,0,0,0,0,0,0,28,30,61,78,99,174
POA6290,3,3,4,28,27,61,0,0,0,5,3,6,34,33,66,40,27,71,0,0,0,3,3,4,44,33,78,0,4,4,0,0,3,3,0,3,4,7,10,0,0,0,11,13,22,3,0,6,0,0,0,0,0,0,0,3,3,0,0,0,3,6,10,0,0,0,0,3,3,0,0,0,0,3,3,55,65,112,139,154,292
POA6302,24,23,45,106,105,216,11,5,18,9,11,18,120,126,243,77,64,140,12,6,23,8,11,13,95,86,182,5,3,11,0,5,3,4,9,14,6,14,21,0,0,0,18,31,47,4,5,7,0,0,0,0,3,3,4,11,19,0,0,0,11,16,27,3,4,7,3,6,11,0,0,0,7,7,12,224,208,433,504,491,996
POA6304,12,3,12,50,56,106,3,3,3,5,0,5,60,61,121,24,31,50,4,8,15,3,0,5,29,43,74,0,0,3,0,0,0,3,0,5,3,3,5,0,0,0,8,9,15,0,3,3,0,3,3,0,0,0,3,6,7,0,0,0,4,12,19,3,0,3,0,3,3,0,0,3,4,4,9,113,111,220,229,235,465
POA6306,7,3,9,42,37,75,0,0,0,0,3,3,42,37,77,16,11,23,0,0,0,0,0,3,11,10,23,0,0,0,0,0,0,0,0,0,0,3,3,0,0,0,0,4,8,0,3,3,0,0,0,0,0,0,0,7,7,0,0,0,0,7,12,0,0,0,3,0,7,0,0,0,3,4,6,59,73,131,122,147,269
POA6308,10,9,23,59,61,120,3,3,10,3,0,3,61,69,128,32,20,48,0,0,0,3,0,3,31,20,53,0,3,3,0,3,3,3,0,8,0,4,3,0,0,0,4,10,18,3,3,7,0,0,0,0,0,0,0,0,3,0,0,0,3,3,10,0,0,0,0,0,3,0,0,0,0,4,3,99,92,197,219,210,425
POA6309,3,3,7,9,5,9,8,0,4,0,0,0,9,5,19,6,4,11,0,0,0,0,0,0,6,4,11,0,0,0,0,0,0,0,0,0,0,0,0,0,0,0,0,3,3,0,0,0,0,0,0,0,0,0,0,0,0,0,0,0,0,4,4,0,0,0,0,0,0,0,0,0,0,0,0,29,16,48,49,33,78
POA6311,3,3,5,19,20,40,7,15,27,0,3,5,31,35,63,3,10,18,0,0,0,0,0,0,11,10,20,0,0,0,0,0,0,0,0,0,0,4,4,0,0,0,0,9,9,0,0,0,0,0,0,0,0,3,0,8,8,0,0,0,0,10,11,0,0,0,0,0,0,0,0,0,0,0,0,44,26,74,87,88,175
POA6312,38,33,67,150,150,308,45,48,96,3,8,7,202,206,411,177,198,378,3,0,3,3,5,7,180,204,389,3,3,6,4,8,14,9,8,15,4,25,30,0,0,0,24,45,73,3,4,7,3,9,13,3,0,4,8,23,31,0,0,0,17,43,58,3,4,8,4,12,15,0,0,0,6,11,21,304,305,611,774,849,1629
POA6313,3,0,3,7,7,8,0,0,3,0,0,0,8,8,11,8,9,16,0,0,0,0,0,0,8,9,16,0,4,4,0,0,0,0,0,0,0,3,3,0,0,0,0,4,4,0,0,0,0,0,0,0,0,0,0,0,0,0,0,0,0,0,0,0,0,0,0,0,0,0,0,0,0,0,0,30,17,46,48,44,89
POA6315,11,8,22,80,82,166,0,3,3,0,3,3,82,84,172,40,43,89,0,0,0,0,4,5,44,47,92,0,3,3,0,0,0,5,0,4,0,8,10,0,0,0,4,12,17,0,3,6,0,3,3,0,3,3,0,10,11,0,0,0,3,15,19,0,0,0,0,4,4,0,0,0,0,5,5,104,120,226,256,300,557
POA6316,6,3,9,14,18,27,5,0,8,0,0,0,21,17,34,4,3,7,0,0,0,0,0,0,4,3,7,0,0,0,0,0,0,0,0,4,0,0,0,0,0,0,0,3,4,0,3,6,0,0,0,0,0,0,0,0,0,0,0,0,0,3,6,0,0,0,0,0,0,0,0,0,0,0,0,13,12,24,44,41,84
POA6317,27,24,53,138,108,248,57,40,98,7,0,6,202,158,354,108,96,209,0,3,3,3,3,4,115,106,216,9,9,19,9,5,16,8,3,15,7,29,38,0,0,3,37,49,90,0,11,6,0,0,4,3,3,5,3,15,21,0,0,0,13,23,38,0,3,3,3,9,6,0,0,0,3,7,12,307,291,596,696,657,1358
POA6318,0,3,3,14,26,39,4,0,6,0,0,0,18,23,44,8,4,7,0,0,0,0,0,0,5,9,10,0,0,0,0,0,0,0,0,3,0,0,0,0,0,0,3,3,3,3,3,4,0,0,0,0,0,0,0,0,0,0,0,0,3,3,8,0,0,0,0,3,5,0,0,0,3,8,9,39,25,64,71,74,145
POA6320,7,8,16,33,38,71,0,0,0,0,0,0,35,38,70,9,8,20,0,0,0,0,0,0,8,10,19,0,0,0,0,0,0,0,0,0,3,3,3,0,0,0,0,0,9,0,0,0,0,0,0,0,0,0,0,3,3,0,0,0,0,4,4,0,0,0,3,0,3,0,0,0,3,0,3,42,47,89,106,105,208
POA6321,11,6,12,14,22,40,0,0,0,0,0,0,15,22,40,11,11,21,0,0,0,3,0,3,13,14,25,0,0,0,0,0,0,0,3,3,0,0,0,0,0,0,0,4,4,0,0,0,0,0,0,0,0,0,0,0,0,0,0,0,0,0,0,0,0,0,0,0,0,0,0,0,0,0,0,21,18,38,58,66,121
POA6322,0,3,6,3,9,14,0,0,0,0,0,0,3,9,14,0,0,3,0,0,0,0,4,7,3,5,6,0,0,0,0,0,0,0,0,0,0,3,3,0,0,0,0,3,3,0,0,0,0,0,0,0,0,0,0,0,0,0,0,0,0,0,0,0,0,0,0,0,0,0,0,0,0,0,0,17,17,28,22,35,55
POA6323,7,4,7,39,34,75,0,0,0,3,0,3,41,34,76,22,26,44,0,0,0,0,4,3,24,22,47,0,0,3,0,4,4,0,3,4,0,4,6,0,0,0,0,16,14,0,0,0,0,0,0,0,0,0,0,3,3,0,0,0,0,3,3,0,0,0,0,3,3,0,0,0,0,3,3,44,39,88,113,126,238
POA6324,29,15,42,128,111,236,4,0,7,10,9,22,144,118,261,103,85,184,4,0,4,6,10,24,116,96,211,13,5,13,0,3,4,10,10,16,10,6,17,0,0,0,29,26,55,3,6,10,0,5,5,0,0,0,8,11,17,0,0,0,8,22,34,3,6,10,0,3,5,0,0,0,8,12,16,248,175,425,577,462,1040
POA6326,3,3,6,12,9,21,0,0,0,3,8,14,20,22,35,3,7,10,3,0,0,5,5,14,9,17,24,0,3,5,0,0,0,0,0,4,3,3,6,0,0,0,4,7,14,0,0,0,0,0,0,0,0,0,3,3,3,0,0,0,4,3,5,0,0,3,0,0,0,0,0,0,0,3,4,24,21,49,64,70,140
POA6327,3,4,4,4,9,9,0,0,0,9,7,13,13,16,21,5,3,13,0,0,4,3,0,4,10,10,16,0,0,0,0,0,0,0,0,0,0,0,0,0,0,0,0,0,0,0,0,0,0,0,0,0,0,0,0,0,0,0,0,0,0,0,0,0,0,0,0,0,0,0,0,0,0,0,0,11,13,25,34,37,73
POA6328,3,3,11,15,13,24,0,0,0,0,0,0,15,13,24,11,10,18,0,0,0,0,0,3,10,12,21,0,0,0,0,0,0,0,3,4,0,0,6,0,0,0,5,5,5,0,0,0,0,0,0,0,0,0,0,3,3,0,0,0,0,3,3,0,0,0,0,0,0,0,0,0,0,0,0,24,26,43,55,55,116
POA6330,197,183,376,976,909,1883,144,151,294,358,357,716,1478,1418,2894,824,772,1592,129,125,251,365,375,743,1316,1268,2587,91,69,155,33,69,100,114,91,202,121,203,324,5,7,10,365,429,798,47,70,117,26,69,99,8,26,40,56,168,231,0,0,0,149,332,483,23,37,58,43,59,104,0,3,3,65,100,161,1662,1227,2887,5233,4952,10185
POA6333,39,36,72,174,141,320,0,0,0,52,61,115,231,201,435,192,183,378,0,5,5,15,20,35,209,208,420,10,4,10,3,9,12,12,10,16,8,28,39,0,0,0,31,47,78,3,3,13,6,7,14,3,0,0,8,21,29,0,0,0,22,36,59,4,6,14,3,7,15,0,0,0,5,17,26,318,331,644,860,881,1739
POA6335,6,5,7,27,34,63,0,0,0,3,4,4,28,39,70,5,6,15,0,0,0,10,5,18,19,16,26,0,0,0,0,0,0,0,3,3,0,10,10,0,0,0,0,8,12,0,0,0,0,0,0,0,0,0,0,4,4,0,0,0,0,4,4,0,0,0,3,0,3,0,0,0,3,0,3,48,29,81,104,104,205
POA6336,3,0,3,11,14,27,0,0,0,0,0,0,11,21,31,3,5,9,0,0,0,0,0,0,3,5,9,0,0,0,0,0,0,0,0,0,0,3,3,0,0,0,0,3,3,0,0,0,0,0,0,0,0,0,0,0,0,0,0,0,0,0,0,0,0,0,0,0,0,0,0,0,0,0,0,31,12,46,52,40,90
POA6337,7,5,8,35,31,62,0,0,0,0,0,0,35,31,62,10,6,21,0,0,0,0,0,0,12,8,22,0,0,0,0,0,0,0,0,0,0,0,0,0,0,0,0,3,3,0,0,3,0,0,0,0,0,3,0,3,3,0,0,0,0,7,8,0,0,0,0,0,0,0,0,0,0,0,0,46,30,80,97,83,182
POA6338,0,0,3,31,33,66,0,0,0,0,0,0,31,33,65,5,0,7,0,0,0,3,0,0,3,0,5,0,0,0,0,0,0,0,0,0,0,5,5,0,0,0,0,5,5,0,0,0,0,0,0,0,0,0,0,0,0,0,0,0,3,5,3,0,0,0,0,3,3,0,0,0,0,3,3,44,37,83,87,86,165
POA6341,0,0,0,21,13,29,0,0,0,0,0,0,21,13,29,7,4,8,0,0,0,0,0,0,3,4,9,0,0,0,0,0,0,0,0,0,0,3,3,0,0,0,0,3,3,0,0,0,0,0,0,0,0,0,0,0,0,0,0,0,0,0,0,0,0,0,0,0,0,0,0,0,0,0,0,23,13,41,49,38,82
POA6343,0,0,0,9,19,37,0,0,0,0,0,0,9,19,37,3,3,3,0,0,0,3,0,3,3,3,4,0,0,0,0,0,0,0,0,0,0,0,0,0,0,0,0,3,3,0,0,0,0,0,0,0,0,0,0,0,0,0,0,0,0,0,0,0,0,0,0,0,0,0,0,0,0,0,0,18,14,29,38,44,78
POA6346,0,4,3,30,27,55,0,0,0,0,0,0,30,27,55,14,3,12,0,0,0,0,0,0,16,3,14,0,0,0,0,0,0,0,0,0,0,5,4,0,0,0,0,7,3,0,0,0,6,0,6,0,0,0,0,0,0,0,0,0,6,0,6,0,0,0,0,3,3,0,0,0,0,3,3,52,42,88,103,81,185
POA6348,3,4,4,41,25,71,0,0,0,0,0,0,44,25,66,12,7,25,0,0,0,3,0,4,20,14,29,0,0,0,0,0,0,0,0,0,0,7,5,0,0,0,3,5,7,0,0,0,0,0,0,0,0,0,0,0,3,0,0,0,0,0,3,0,3,0,0,3,3,0,0,0,0,4,8,56,54,109,129,102,231
POA6350,0,0,0,3,19,19,0,0,0,0,0,0,3,19,19,4,0,3,0,0,0,0,0,0,4,0,3,0,0,0,0,0,0,0,0,0,3,0,3,0,0,0,3,0,3,0,0,0,0,0,0,0,0,0,0,0,0,0,0,0,0,0,0,0,0,0,0,0,0,0,0,0,0,0,0,13,12,25,22,30,52
POA6351,0,3,3,5,0,12,0,0,0,0,0,0,5,0,12,0,0,0,0,0,0,0,0,0,0,0,0,0,0,0,0,0,0,0,0,0,0,0,0,0,0,0,0,0,0,0,0,0,0,0,0,0,0,0,0,0,0,0,0,0,0,0,0,0,0,0,0,3,3,0,0,0,0,3,3,0,3,0,6,10,15
POA6352,0,0,0,7,17,21,0,0,0,0,0,0,7,17,21,3,0,3,0,0,0,0,0,0,3,0,3,0,0,0,0,0,0,0,0,0,0,0,0,0,0,0,0,0,0,0,0,0,0,0,0,0,0,0,0,0,0,0,0,0,0,0,0,0,0,0,0,0,0,0,0,0,0,0,0,21,14,35,34,36,65
POA6353,9,3,12,28,37,66,0,0,0,0,0,0,28,37,66,13,12,22,0,0,0,0,0,0,13,10,26,0,0,0,0,0,0,3,0,3,0,4,4,0,0,0,4,4,14,0,0,0,0,3,3,0,0,0,0,0,0,0,0,0,4,7,9,0,0,0,0,0,0,0,0,0,0,3,4,42,46,86,102,108,208
POA6355,3,7,10,25,39,62,0,0,0,0,0,0,25,39,62,3,7,8,0,0,0,0,0,0,3,5,7,0,0,0,0,0,0,0,0,0,0,0,0,0,0,0,0,4,4,0,0,0,0,0,0,0,0,0,0,0,0,0,0,0,0,0,0,0,0,0,0,0,0,0,0,0,0,0,0,20,12,33,51,68,117
POA6356,0,0,0,9,4,16,0,0,0,0,0,0,9,4,16,0,0,0,0,0,0,5,0,5,5,0,5,0,0,0,0,0,0,0,0,0,0,0,0,0,0,0,0,0,0,0,0,0,0,0,0,0,0,0,0,0,0,0,0,0,0,3,3,0,0,0,0,0,0,0,0,0,0,0,0,6,8,14,12,17,30
POA6357,0,0,0,5,4,5,0,0,0,0,0,0,5,4,5,3,3,6,0,0,0,0,0,0,3,3,6,0,0,0,0,0,0,0,0,0,0,0,0,0,0,0,0,0,0,0,0,0,0,0,0,0,0,0,0,0,0,0,0,0,0,0,0,0,0,0,0,0,0,0,0,0,0,0,0,3,0,4,9,9,14
POA6358,3,0,3,0,3,4,0,0,0,0,0,0,0,3,4,0,0,0,0,0,0,0,0,0,0,0,0,0,0,0,0,0,0,0,0,0,0,0,0,0,0,0,0,0,0,0,0,0,0,0,0,0,0,0,0,0,0,0,0,0,0,0,0,0,0,0,0,0,0,0,0,0,0,0,0,4,0,3,11,9,14
POA6359,3,0,8,15,24,44,0,0,0,0,0,0,15,24,44,0,5,8,0,0,0,0,0,0,4,6,8,0,0,0,0,0,0,0,0,0,0,4,3,0,0,0,0,9,7,0,0,0,0,0,0,0,0,0,0,4,4,0,0,0,0,4,4,0,0,0,0,0,0,0,0,0,0,3,3,22,16,40,52,52,106
POA6361,0,0,0,7,3,12,0,0,0,0,0,0,7,3,12,0,0,3,0,0,0,0,0,0,0,0,3,0,0,0,0,0,0,0,0,0,0,0,0,0,0,0,0,0,4,0,0,0,0,0,0,0,0,0,0,0,0,0,0,0,0,0,0,0,0,0,0,0,0,0,0,0,0,0,0,7,4,5,21,12,27
POA6363,3,0,3,7,3,15,0,0,0,0,0,0,7,3,15,0,0,0,0,0,0,0,0,0,0,0,0,0,0,0,0,0,0,0,0,0,0,0,0,0,0,0,0,0,0,0,0,0,0,0,0,0,0,0,0,0,0,0,0,0,0,0,0,0,0,0,0,0,0,0,0,0,0,0,0,4,5,6,17,10,23
POA6365,3,3,3,20,25,41,0,0,0,0,0,0,20,25,41,9,11,13,0,0,0,0,0,0,9,11,13,0,0,0,0,0,0,0,0,0,0,0,5,0,0,0,0,3,7,0,0,3,0,0,0,0,0,0,0,3,3,0,0,0,0,4,6,0,0,0,3,0,3,0,0,0,3,0,3,30,21,46,59,62,120
POA6367,0,0,5,16,15,34,0,0,0,0,0,0,16,16,36,6,3,8,0,0,0,0,0,0,12,3,9,0,0,0,0,0,0,0,0,0,0,0,0,0,0,0,0,0,0,0,0,0,0,0,0,0,0,0,0,0,0,0,0,0,0,3,3,0,0,0,0,0,4,0,0,0,0,0,5,15,25,39,46,46,94
POA6368,0,0,3,0,0,0,0,0,0,0,0,0,0,0,0,0,3,4,0,0,0,0,0,0,0,3,4,0,0,0,0,0,0,3,0,3,0,0,0,0,0,0,3,0,3,0,0,0,0,0,0,0,0,0,0,0,0,0,0,0,0,0,0,0,0,0,0,0,0,0,0,0,0,0,0,0,0,0,3,5,8
POA6369,3,3,3,23,29,44,0,0,0,0,0,0,23,25,50,9,17,27,0,0,0,0,0,0,9,14,24,0,0,0,0,0,0,0,0,0,0,5,5,0,0,0,0,5,4,0,0,0,0,0,0,0,0,0,0,3,3,0,0,0,0,3,3,0,0,0,0,4,0,0,0,0,0,4,0,27,25,54,62,79,143
POA6370,0,6,9,23,24,45,0,0,0,0,0,0,19,24,46,10,8,20,0,0,0,0,0,0,13,11,21,0,0,0,0,0,0,0,0,0,0,3,3,0,0,0,0,6,6,0,0,0,0,0,0,0,0,0,0,3,3,0,0,0,0,3,3,0,0,0,0,0,0,0,0,0,0,0,3,13,17,31,50,65,110
POA6372,0,0,0,4,0,4,0,0,0,0,0,0,4,0,4,0,3,5,0,0,0,0,0,0,0,3,5,0,0,0,0,0,0,0,0,0,0,0,0,0,0,0,0,0,0,0,0,0,0,0,0,0,0,0,0,0,0,0,0,0,0,0,0,0,0,0,0,0,0,0,0,0,0,0,0,20,12,30,24,17,43
POA6373,0,0,0,4,7,11,0,0,0,0,0,0,4,7,11,0,3,5,0,0,0,0,0,0,0,3,5,0,0,0,0,0,0,0,0,0,0,0,0,0,0,0,0,0,0,0,0,0,0,0,0,0,0,0,0,0,0,0,0,0,0,0,0,0,0,0,0,0,0,0,0,0,0,0,0,3,7,8,12,23,27
POA6375,13,3,11,40,39,79,0,0,0,0,0,0,40,39,79,23,6,27,0,0,0,7,0,6,27,12,37,0,0,0,0,0,0,3,0,3,0,4,9,0,0,0,6,6,14,0,0,0,0,0,0,0,0,0,0,4,4,0,0,0,0,4,4,0,0,0,0,5,5,0,0,0,0,5,5,65,48,111,145,114,263
POA6383,12,5,17,35,38,70,0,0,0,0,4,3,35,38,72,19,9,26,0,0,0,0,0,0,19,9,26,0,0,0,0,0,0,0,3,3,0,6,6,0,0,0,0,6,6,0,4,4,0,0,0,0,0,0,0,0,0,0,0,0,0,7,7,0,0,0,0,4,4,0,0,0,0,7,7,64,57,123,126,126,253
POA6384,0,0,0,6,4,5,0,0,0,0,0,0,6,4,5,0,0,0,0,0,0,0,0,0,0,0,0,0,0,0,0,0,0,0,0,0,0,0,0,0,0,0,0,0,0,0,0,0,0,0,0,0,0,0,0,0,0,0,0,0,0,0,0,0,0,0,0,0,0,0,0,0,0,3,3,3,0,3,5,5,15
POA6385,0,0,0,0,0,0,0,0,0,0,0,0,0,0,0,0,0,0,0,0,0,0,0,0,0,0,0,0,0,0,0,0,0,0,0,0,0,0,0,0,0,0,0,0,0,0,0,0,0,0,0,0,0,0,0,0,0,0,0,0,0,0,0,0,0,0,0,0,0,0,0,0,0,0,0,0,0,3,3,3,3
POA6386,0,0,0,0,3,8,0,0,0,0,0,0,0,3,8,0,0,3,0,0,0,0,0,0,0,0,3,0,0,0,0,0,0,0,0,0,0,0,0,0,0,0,0,0,0,0,0,0,0,0,0,0,0,0,0,0,0,0,0,0,0,0,0,0,0,0,0,0,0,0,0,0,0,0,0,11,7,15,10,14,22
POA6390,14,12,20,94,91,185,0,0,0,0,3,5,90,92,185,40,41,87,0,0,0,3,0,5,46,46,85,0,0,0,0,0,4,3,3,7,4,3,8,0,0,0,8,5,21,3,4,3,0,3,3,0,4,5,9,6,10,0,0,0,7,12,28,0,3,3,3,13,15,0,0,0,3,15,18,87,61,145,260,243,503
POA6391,3,6,12,47,46,93,0,0,0,3,3,3,51,45,93,13,4,22,0,0,0,0,0,0,14,4,22,0,0,0,0,0,0,0,0,0,3,9,10,0,0,0,5,10,9,0,0,0,0,0,0,0,0,0,0,3,3,0,0,0,0,6,6,0,0,0,0,8,8,0,0,0,0,8,8,54,49,99,128,122,246
POA6392,8,4,9,20,20,38,0,0,0,0,0,0,20,20,39,5,4,11,0,0,0,0,0,0,5,4,11,0,0,0,0,0,0,0,0,0,0,3,3,0,0,0,0,4,4,0,0,0,0,0,0,0,0,0,0,3,3,0,0,0,0,3,3,0,0,0,0,0,0,0,0,0,0,0,0,25,12,40,56,53,104
POA6393,0,0,0,7,3,10,0,0,0,0,0,0,7,3,10,3,0,10,0,0,0,0,0,0,3,0,10,0,0,0,0,0,0,0,0,0,0,0,0,0,0,0,0,0,0,0,0,0,0,0,0,0,0,0,0,0,0,0,0,0,0,0,0,0,0,0,0,0,0,0,0,0,0,0,0,9,8,10,18,12,29
POA6394,6,3,6,13,8,20,7,9,13,0,0,0,19,15,32,8,3,13,0,0,0,0,0,0,8,4,15,0,0,0,0,0,0,0,0,0,0,0,0,0,0,0,3,0,4,3,0,3,0,0,0,0,0,0,0,0,0,0,0,0,3,0,3,0,0,0,0,0,0,0,0,0,0,0,0,21,21,48,61,51,108
POA6395,17,11,20,45,66,105,19,29,54,0,0,0,62,92,163,31,21,51,0,0,0,0,0,0,33,26,58,0,0,3,0,0,0,0,0,0,3,9,7,0,0,0,4,8,17,0,0,0,0,3,3,0,0,0,0,0,0,0,0,0,0,6,6,0,0,0,0,0,3,0,0,0,0,0,3,85,90,180,201,238,444
POA6396,3,0,3,9,16,25,0,0,0,3,0,4,13,16,30,0,4,4,0,0,0,0,0,0,3,4,3,0,0,0,0,0,0,0,4,4,0,3,4,0,0,0,0,5,7,0,0,0,0,0,0,0,0,0,0,0,0,0,0,0,0,0,0,4,0,4,0,0,0,0,0,0,4,0,4,26,22,44,53,46,98
POA6397,0,0,0,10,3,11,0,0,0,0,0,0,10,3,11,4,0,4,0,0,0,0,0,0,4,0,4,0,0,0,0,0,0,0,0,0,0,0,0,0,0,0,0,0,0,0,0,0,0,0,0,0,0,0,0,0,0,0,0,0,0,0,0,0,0,0,0,0,0,0,0,0,0,0,0,9,8,14,20,9,24
POA6398,0,0,0,7,20,31,0,0,0,0,0,3,14,23,32,13,17,26,0,0,0,4,0,0,15,14,34,0,0,0,0,0,0,4,0,4,0,0,4,0,0,0,4,0,8,0,0,0,0,0,0,0,0,0,0,0,0,0,0,0,0,0,0,0,0,0,0,0,0,0,0,0,0,0,0,27,24,51,58,73,130
POA6401,52,53,107,192,194,386,103,113,211,8,8,13,308,307,618,168,166,331,45,69,116,22,26,49,238,261,496,7,3,7,5,4,10,22,17,40,25,52,79,0,0,3,51,81,137,17,15,29,3,12,13,3,0,3,18,23,39,3,0,3,42,48,96,3,8,16,10,28,38,0,0,0,18,32,50,892,412,1308,1601,1196,2803
POA6403,0,0,0,0,9,6,0,0,0,0,0,0,4,4,10,4,7,8,0,3,5,0,0,0,8,9,14,0,0,0,0,0,0,0,0,3,0,0,0,0,0,0,4,4,10,0,0,0,0,0,0,0,0,0,0,0,0,0,0,0,0,0,0,0,0,0,0,0,0,0,0,0,0,0,0,7,5,16,24,28,49
POA6405,0,3,7,18,8,32,6,7,9,0,0,0,21,12,38,0,4,7,4,0,5,0,0,3,10,10,11,0,0,0,0,0,3,0,0,0,0,0,0,0,0,0,3,3,3,0,0,0,0,0,0,0,0,0,0,0,0,0,0,0,0,0,0,0,0,0,0,0,0,0,0,0,0,0,0,9,4,14,43,34,80
POA6407,4,8,11,46,50,88,0,0,0,7,0,7,47,46,99,100,36,140,7,0,10,4,8,12,107,50,153,3,0,3,0,0,0,0,0,0,3,8,10,0,0,0,3,11,18,0,0,0,0,0,0,0,0,0,3,4,6,0,0,0,3,4,7,0,0,0,0,0,0,0,0,0,0,0,0,77,56,137,252,179,428
POA6409,0,0,3,33,16,51,0,0,0,0,0,0,33,16,51,0,5,4,0,0,0,0,0,0,0,5,4,0,0,0,0,0,0,0,0,3,0,3,3,0,0,0,0,3,7,0,0,3,0,0,0,0,3,3,3,3,9,0,0,0,3,9,13,3,3,4,0,0,0,0,0,0,3,3,4,31,31,61,79,63,140
POA6410,9,3,12,47,46,91,0,0,3,3,8,12,52,51,104,25,23,47,0,0,0,4,0,7,27,25,50,0,0,3,0,0,0,0,0,3,0,10,9,0,0,0,3,12,17,0,4,4,3,4,4,0,3,0,0,0,0,0,0,0,6,8,11,0,0,0,0,0,5,0,0,0,0,0,5,58,61,116,149,157,306
POA6411,0,0,0,3,0,7,0,0,0,0,0,0,3,0,7,3,6,7,0,0,0,0,0,0,3,7,8,0,0,0,0,0,0,0,0,0,0,0,0,0,0,0,0,0,3,0,0,0,0,0,0,0,0,0,0,0,0,0,0,0,0,0,0,0,0,0,0,0,0,0,0,0,0,0,0,10,5,17,17,13,34
POA6412,0,0,0,0,0,3,0,0,3,0,0,0,3,3,3,0,0,3,0,0,0,0,0,0,0,0,3,0,0,0,0,0,0,0,0,0,0,0,0,0,0,0,0,0,0,0,0,0,0,0,0,0,0,0,0,0,0,0,0,0,0,0,0,0,0,0,0,0,0,0,0,0,0,0,0,5,3,12,12,9,17
POA6413,0,0,0,0,0,3,6,0,6,0,0,0,3,0,8,0,0,0,0,0,0,0,0,0,0,0,0,0,0,0,0,0,0,0,0,0,0,0,0,0,0,0,0,0,0,0,0,0,0,0,0,0,0,0,0,0,0,0,0,0,0,0,0,0,0,0,0,0,0,0,0,0,0,0,0,3,0,3,7,0,5
POA6414,0,0,0,0,0,0,6,0,7,0,0,0,5,0,8,0,3,3,0,0,0,0,0,0,0,3,3,0,0,0,0,0,0,0,0,0,0,0,0,0,0,0,0,0,0,0,0,0,0,0,0,0,0,0,0,0,0,0,0,0,0,0,0,0,0,0,0,0,0,0,0,0,0,0,0,4,4,8,11,12,21
POA6415,14,20,26,78,72,151,60,44,105,0,3,3,143,112,255,100,105,205,0,0,3,0,0,0,107,102,213,13,0,13,0,0,0,5,9,14,10,19,22,0,0,0,27,28,51,0,10,11,0,4,4,0,0,0,0,5,11,0,0,0,5,20,22,70,5,75,3,0,3,0,0,0,69,6,77,120,118,239,481,406,884
POA6418,3,3,11,31,33,62,0,0,0,0,0,0,28,33,65,16,14,25,0,0,0,0,0,0,16,14,25,0,0,0,0,0,0,3,0,4,4,3,8,0,0,0,3,6,11,0,0,0,0,0,0,0,0,0,0,0,0,0,0,0,0,4,4,0,0,3,0,0,3,0,0,0,3,3,7,33,30,62,91,97,185
POA6419,0,0,3,5,3,5,0,0,0,0,0,0,5,3,5,0,0,0,0,0,0,0,0,0,0,0,3,0,0,0,0,0,0,0,0,0,0,0,0,0,0,0,0,0,0,0,0,0,0,0,0,0,0,0,0,0,0,0,0,0,0,0,0,0,0,0,0,0,0,0,0,0,0,0,0,0,0,0,6,4,16
POA6420,0,0,0,3,0,7,0,0,0,0,0,0,3,4,7,6,0,6,0,0,0,0,0,0,6,0,6,0,0,0,0,0,0,0,0,0,0,0,0,0,0,0,0,0,0,0,0,0,0,0,0,0,0,0,0,0,0,0,0,0,0,3,3,0,0,0,0,0,0,0,0,0,0,0,0,12,12,21,18,18,34
POA6421,3,0,4,0,3,3,9,11,16,0,0,0,9,15,22,0,4,7,0,0,0,0,0,0,0,4,7,0,0,0,0,0,0,0,0,0,0,0,0,0,0,0,0,0,0,0,0,0,0,0,0,0,0,0,0,0,0,0,0,0,0,0,0,0,0,0,0,0,0,0,0,0,0,0,0,8,13,26,28,31,57
POA6422,0,0,0,3,0,3,3,0,3,0,0,0,3,0,3,0,0,0,0,0,0,0,0,4,0,3,7,0,0,0,0,0,0,0,0,0,0,0,0,0,0,0,0,0,0,0,0,0,0,0,0,0,0,0,0,0,0,0,0,0,0,0,0,0,0,0,0,0,0,0,0,0,0,0,0,3,0,3,10,3,17
POA6423,0,3,0,0,0,4,3,4,5,0,0,0,6,8,10,0,3,8,0,0,0,0,0,0,0,3,8,0,0,0,0,0,0,0,0,0,0,0,0,0,0,0,0,0,0,0,0,0,0,0,0,0,0,0,0,0,0,0,0,0,0,0,0,3,0,3,0,0,0,0,0,0,3,0,3,14,7,25,33,22,51
POA6424,0,0,0,3,8,6,0,0,0,0,0,0,3,8,6,0,0,0,0,0,0,0,0,0,0,0,0,0,0,0,0,0,0,0,0,0,0,0,0,0,0,0,0,0,0,0,0,0,0,0,0,0,0,0,0,0,0,0,0,0,0,0,0,0,0,0,0,0,0,0,0,0,0,0,0,7,7,10,13,13,20
POA6425,0,0,0,3,3,8,0,0,0,0,0,0,3,3,8,0,0,0,0,0,0,0,0,0,0,0,0,0,0,0,0,0,0,0,0,0,0,0,0,0,0,0,0,0,0,0,0,0,0,0,0,0,0,0,0,0,0,0,0,0,0,3,3,0,0,0,0,0,0,0,0,0,0,0,0,8,9,16,15,12,26
POA6426,4,3,8,25,21,44,5,12,14,0,0,0,28,33,64,16,11,24,0,0,0,0,0,0,16,8,26,0,0,0,0,0,0,0,0,3,0,3,3,0,0,0,3,4,7,0,0,0,0,0,0,0,0,0,0,0,0,0,0,0,0,3,3,0,0,0,0,0,0,0,0,0,0,0,0,69,47,112,118,99,219
POA6427,0,0,0,0,0,0,0,0,0,0,0,0,0,0,0,0,0,0,0,0,0,0,0,0,0,0,0,0,0,0,0,0,0,0,0,0,0,0,0,0,0,0,0,0,0,0,0,0,0,0,0,0,0,0,0,0,0,0,0,0,0,0,0,0,0,0,0,0,0,0,0,0,0,0,0,23,3,27,24,3,29
POA6428,3,0,3,3,3,7,0,0,0,0,0,0,3,3,7,0,3,4,0,0,0,0,0,0,0,3,4,0,0,0,0,0,0,0,0,0,0,0,0,0,0,0,0,0,0,0,0,0,0,0,0,0,0,0,0,0,0,0,0,0,0,0,0,0,0,0,0,0,0,0,0,0,0,0,0,0,0,0,8,11,18
POA6429,4,0,6,17,11,35,3,4,12,21,17,34,36,35,77,5,9,19,8,5,19,23,17,37,37,36,76,0,3,3,0,3,3,0,0,0,4,9,10,0,0,0,4,13,15,0,0,0,0,0,0,0,0,0,3,0,3,0,0,0,3,6,5,3,0,0,3,0,3,0,0,0,3,0,5,57,63,123,148,151,303
POA6430,171,151,315,828,817,1649,221,235,454,63,63,125,1118,1106,2226,412,395,805,261,291,557,46,63,107,727,744,1473,24,32,61,7,25,37,64,83,141,76,186,261,0,4,3,176,329,501,102,41,138,79,45,119,11,23,38,92,154,250,0,0,0,282,263,543,11,19,25,27,69,97,4,0,4,42,87,128,1185,1032,2217,3695,3707,7405
POA6431,4,9,13,33,22,56,0,0,0,3,0,4,42,26,65,18,15,29,0,0,0,3,4,6,23,17,36,0,0,0,0,0,0,3,3,4,3,0,8,0,0,0,11,7,16,0,3,3,0,3,4,0,0,0,4,4,5,0,0,0,5,10,10,0,0,0,3,0,4,0,0,0,3,0,4,85,62,150,163,125,288
POA6432,49,56,104,275,265,537,45,47,89,27,13,42,337,328,664,124,123,246,37,40,78,12,5,19,171,168,343,6,7,16,0,8,8,23,28,53,9,55,68,0,0,0,43,97,146,3,11,8,0,15,15,3,5,3,6,31,35,0,0,0,13,50,65,5,6,12,12,9,20,0,0,0,14,24,39,564,441,1009,1200,1163,2366
POA6434,0,0,0,5,3,9,0,0,0,0,0,0,5,3,9,0,0,3,0,0,0,0,0,0,3,0,3,0,0,0,0,0,0,0,0,0,0,0,0,0,0,0,0,0,0,0,0,0,0,0,0,0,0,0,0,0,0,0,0,0,0,0,0,0,0,0,0,0,0,0,0,0,0,0,0,9,5,14,14,9,25
POA6436,0,0,0,0,4,4,0,0,0,0,0,0,0,4,4,3,4,9,0,0,0,0,0,0,3,4,9,0,0,0,0,0,0,0,0,0,0,0,0,0,0,0,0,0,0,0,0,0,0,0,0,0,0,0,0,0,0,0,0,0,0,0,0,0,0,0,0,0,0,0,0,0,0,0,0,15,10,23,22,16,40
POA6437,3,0,3,20,23,44,0,0,0,0,5,3,20,27,47,4,5,10,0,0,0,0,0,0,8,5,10,0,0,0,0,0,0,0,0,0,3,9,11,0,0,0,3,9,8,0,0,0,4,0,4,0,0,0,3,3,4,0,0,0,5,3,10,0,0,0,0,0,4,0,0,0,3,0,3,111,36,152,150,80,229
POA6438,0,3,5,23,18,44,0,0,0,0,0,0,23,18,44,10,3,9,0,0,0,0,0,0,10,3,9,0,0,0,0,4,4,3,3,3,5,0,7,0,0,0,7,3,9,0,0,0,0,0,0,0,0,0,8,10,14,0,0,0,9,10,10,0,3,3,0,0,0,0,0,0,0,3,3,118,70,189,166,105,273
POA6440,0,6,10,31,36,67,0,0,0,0,0,0,31,36,67,15,14,28,0,0,0,0,0,0,15,16,30,0,0,0,0,0,0,0,3,3,0,0,5,0,0,0,3,8,8,0,0,0,0,0,0,0,0,0,6,3,12,0,0,0,6,5,14,0,0,0,0,3,3,0,0,0,0,3,3,165,61,220,216,128,348
POA6442,14,13,26,110,102,208,8,22,31,7,4,12,123,125,247,59,59,118,20,16,34,9,6,11,83,79,163,4,6,10,0,0,0,7,10,15,12,14,26,0,0,0,25,33,60,0,0,0,0,4,7,0,5,3,9,14,23,0,0,0,14,18,34,0,3,3,8,7,14,0,0,0,8,11,13,214,146,364,485,431,908
POA6443,3,3,7,21,37,60,0,0,0,0,0,0,26,37,59,15,3,24,0,0,0,0,3,3,15,9,23,0,3,3,0,0,0,0,0,0,0,3,3,0,0,0,0,9,5,0,0,0,0,0,0,0,0,0,0,0,4,0,0,0,6,0,7,0,0,0,0,0,0,0,0,0,0,0,3,85,64,145,136,118,251
POA6445,0,0,0,11,16,24,0,0,0,0,0,0,11,16,24,3,0,4,0,0,0,0,0,0,3,3,3,0,0,0,0,0,0,0,0,0,0,0,0,0,0,0,0,0,0,0,3,3,0,0,0,0,0,0,0,0,0,0,0,0,0,4,4,0,0,0,0,0,0,0,0,0,0,0,0,20,22,38,33,44,71
POA6446,0,0,0,3,12,13,0,0,0,0,0,0,3,12,13,5,0,4,0,0,0,0,0,0,5,0,4,0,0,0,0,0,0,0,0,0,0,0,0,0,0,0,0,0,0,0,0,0,0,0,0,0,0,0,0,0,0,0,0,0,0,0,0,0,0,0,0,0,0,0,0,0,0,0,0,9,8,22,23,23,46
POA6447,3,0,3,9,11,16,0,0,0,0,0,0,9,11,16,0,3,3,0,0,0,4,4,8,8,3,14,0,0,0,0,0,0,0,0,0,3,0,3,0,0,0,3,0,3,0,0,0,0,0,0,0,0,0,0,0,0,0,0,0,0,0,0,0,0,0,0,0,0,0,0,0,0,0,0,15,15,33,36,28,68
POA6448,3,3,4,20,11,31,0,4,5,0,4,8,18,20,43,10,13,20,0,0,0,27,34,56,28,43,79,0,0,3,0,0,0,0,0,0,0,3,3,0,0,0,3,3,9,0,0,0,0,0,0,0,0,0,0,0,0,0,0,0,0,0,0,0,0,0,0,0,0,0,0,0,0,0,3,21,25,44,72,103,177
POA6450,79,94,164,469,469,940,47,39,83,56,37,94,574,552,1119,407,390,796,5,4,14,82,78,160,490,472,968,17,4,22,0,7,10,31,29,58,27,64,82,0,0,0,75,107,178,6,17,23,4,16,18,4,13,15,17,54,66,0,0,0,32,99,125,7,8,11,5,17,30,0,0,0,13,29,42,868,806,1673,2119,2150,4269
POA6452,0,0,0,0,0,0,0,0,0,0,0,0,0,0,0,0,0,0,0,0,0,0,0,0,0,0,0,0,0,0,0,0,0,0,0,0,0,0,0,0,0,0,0,0,0,0,0,0,0,0,0,0,0,0,0,0,0,0,0,0,0,0,0,0,0,0,0,0,0,0,0,0,0,0,0,3,0,3,3,0,3
POA6460,7,5,9,13,25,38,26,17,40,0,0,0,33,40,72,5,7,10,4,7,17,0,0,0,11,16,25,0,0,0,0,0,0,0,0,0,0,3,3,0,0,0,0,4,3,0,0,0,0,0,3,0,3,3,0,5,5,0,0,0,0,7,10,0,0,0,0,0,0,0,0,0,0,0,0,47,52,96,101,122,225
POA6461,10,6,10,16,16,33,3,3,3,0,4,4,18,22,39,6,3,13,3,0,3,0,0,0,11,3,16,0,0,0,0,0,0,0,0,0,0,3,3,0,0,0,0,3,3,0,0,0,0,0,0,0,0,0,0,3,3,0,0,0,0,4,4,0,0,0,0,0,0,0,0,0,0,0,0,23,26,47,58,72,130
POA6462,0,0,3,9,8,19,0,0,0,0,0,0,9,8,19,10,0,10,0,0,0,0,0,0,11,0,11,0,0,0,0,0,0,0,0,0,0,0,0,0,0,0,0,0,0,0,0,0,0,0,0,0,0,0,0,0,0,0,0,0,0,0,0,0,0,0,0,0,0,0,0,0,0,0,0,5,5,12,22,14,38
POA6463,0,0,0,0,0,0,0,0,0,0,0,0,0,0,0,0,0,0,0,0,0,0,0,0,0,0,0,0,0,0,0,0,0,0,0,0,0,0,0,0,0,0,0,0,0,0,0,0,0,0,0,0,0,0,0,0,0,0,0,0,0,0,0,0,0,0,0,0,0,0,0,0,0,0,0,0,0,3,0,0,3
POA6465,0,0,0,0,3,3,0,0,0,0,0,0,0,3,3,0,0,0,0,0,0,0,0,0,0,0,0,0,0,0,0,0,0,0,0,0,0,0,0,0,0,0,0,0,0,0,0,0,0,0,0,0,0,0,0,0,0,0,0,0,0,0,0,0,0,0,0,0,0,0,0,0,0,0,0,0,0,0,3,3,6
POA6466,0,0,0,0,3,3,0,0,0,0,0,0,0,3,3,0,0,0,0,0,0,0,0,0,0,0,0,0,0,0,0,0,0,0,0,0,0,0,0,0,0,0,0,0,0,0,0,0,0,0,0,0,0,0,0,0,0,0,0,0,0,0,0,0,0,0,0,0,0,0,0,0,0,0,0,7,3,9,3,10,15
POA6467,0,0,0,0,0,0,0,0,0,0,0,0,0,0,0,0,0,0,0,0,0,0,0,0,0,0,0,0,0,0,0,0,0,0,0,0,0,0,0,0,0,0,0,0,0,0,0,0,0,0,0,0,0,0,0,0,0,0,0,0,0,0,0,0,0,0,0,0,0,0,0,0,0,0,0,0,0,0,0,3,0
POA6468,0,0,3,18,5,27,0,0,0,0,0,0,18,5,27,0,0,0,0,0,0,0,3,3,0,3,3,0,0,0,0,0,0,0,0,0,0,0,0,0,0,0,0,0,0,0,0,0,0,3,3,0,0,0,0,4,4,0,0,0,0,8,7,0,0,0,0,0,0,0,0,0,0,0,0,17,11,31,41,25,71
POA6470,0,0,0,3,0,3,0,0,0,0,0,0,3,0,3,0,0,0,0,0,0,0,0,0,0,0,0,0,0,0,0,0,0,0,0,0,0,0,0,0,0,0,0,0,0,0,0,0,0,0,0,0,0,0,0,0,0,0,0,0,0,0,0,0,0,0,0,0,0,0,0,0,0,0,0,0,0,0,4,0,4
POA6472,4,0,4,16,15,27,0,0,0,0,0,0,16,15,27,0,0,0,0,0,0,0,0,0,0,0,0,0,0,0,0,0,0,0,0,0,0,0,0,0,0,0,0,0,0,0,0,0,0,0,0,0,0,0,0,0,0,0,0,0,0,0,0,0,0,0,0,0,0,0,0,0,0,0,0,5,4,15,25,19,47
POA6473,0,0,0,0,0,0,0,0,0,0,0,0,0,0,0,0,0,0,0,0,0,0,0,0,0,0,0,0,0,0,0,0,0,0,0,0,0,0,0,0,0,0,0,0,0,0,0,0,0,0,0,0,0,0,0,0,0,0,0,0,0,0,0,0,0,0,0,0,0,0,0,0,0,0,0,0,0,4,0,0,4
POA6475,3,0,4,29,18,43,0,0,0,0,0,0,29,18,43,5,7,13,0,0,0,0,0,0,5,7,13,0,0,0,0,0,0,0,0,0,0,0,0,0,0,0,0,0,0,0,0,0,0,0,0,0,0,0,0,0,0,0,0,0,0,0,0,0,0,0,0,0,0,0,0,0,0,0,0,12,10,24,45,38,89
POA6476,0,0,0,0,3,4,0,0,0,0,0,0,0,3,4,0,0,0,0,0,0,0,0,0,0,0,0,0,0,0,0,0,0,0,0,0,0,0,0,0,0,0,0,0,0,0,0,0,0,0,0,0,0,0,0,0,0,0,0,0,0,0,0,0,0,0,0,0,0,0,0,0,0,0,0,0,0,0,0,9,9
POA6477,0,0,3,9,6,21,0,0,0,0,0,0,9,6,21,3,3,9,0,0,0,0,0,0,3,3,9,0,0,0,0,0,0,0,0,0,0,0,3,0,0,0,3,0,3,0,0,0,0,0,0,0,0,0,0,0,0,0,0,0,0,4,4,0,0,0,0,0,0,0,0,0,0,0,0,18,16,31,36,32,69
POA6479,0,0,8,25,14,42,0,0,0,4,5,13,26,22,48,5,8,11,0,0,0,0,0,0,5,8,13,0,0,0,0,0,0,0,0,0,0,4,4,0,0,0,0,4,3,0,0,0,0,0,0,0,0,0,0,0,3,0,0,0,3,0,3,0,0,0,0,0,0,0,0,0,0,0,0,27,20,51,68,57,129
POA6480,0,0,0,0,0,0,0,0,3,0,0,0,4,3,6,0,3,3,0,0,0,0,0,0,0,3,0,0,0,0,0,0,0,0,0,0,0,0,0,0,0,0,0,0,0,0,0,0,0,0,0,0,0,0,0,0,0,0,0,0,0,0,0,0,0,0,0,0,0,0,0,0,0,0,0,3,3,5,3,12,16
POA6484,0,0,0,0,0,0,0,0,0,0,0,0,0,0,0,0,0,0,0,0,0,0,0,0,0,0,0,0,0,0,0,0,0,0,0,0,0,0,0,0,0,0,0,0,0,0,0,0,0,0,0,0,0,0,0,0,0,0,0,0,0,0,0,0,0,0,0,0,0,0,0,0,0,0,0,15,3,20,15,9,24
POA6485,0,8,6,14,12,33,0,0,0,0,0,3,20,14,35,0,3,7,0,0,0,0,0,0,0,3,7,0,0,0,0,0,0,0,0,0,0,3,3,0,0,0,0,3,3,0,0,0,0,0,0,0,0,0,3,0,3,0,0,0,3,0,4,0,0,0,0,0,0,0,0,0,0,0,0,38,31,77,61,64,131
POA6487,0,0,0,4,0,4,0,0,0,0,0,0,4,0,4,0,3,3,0,0,0,0,0,0,0,3,3,0,0,0,0,0,0,0,0,0,0,0,0,0,0,0,0,0,0,0,0,0,0,0,0,0,0,0,0,0,0,0,0,0,0,0,0,0,0,0,0,0,0,0,0,0,0,0,0,7,0,14,15,7,21
POA6488,0,0,0,3,10,11,0,0,0,0,0,0,3,10,11,3,3,7,0,0,0,0,0,0,3,3,7,0,0,0,0,0,0,0,0,0,0,0,0,0,0,0,0,0,0,0,0,0,0,0,0,0,0,0,0,0,0,0,0,0,0,0,0,0,0,0,0,0,0,0,0,0,0,0,0,19,19,31,19,33,53
POA6489,0,0,0,3,0,3,0,0,0,0,0,0,3,0,3,4,0,4,0,0,0,0,0,0,4,0,4,0,0,0,0,0,0,0,0,0,0,0,0,0,0,0,0,0,0,0,0,0,0,0,0,0,0,0,0,0,0,0,0,0,0,0,0,0,0,0,0,0,0,0,0,0,0,0,0,10,11,18,22,9,31
POA6490,3,0,4,10,7,11,5,0,5,0,0,0,9,7,14,4,5,12,0,0,0,0,0,0,4,5,12,0,0,0,0,0,0,0,0,3,0,3,3,0,0,0,3,3,4,0,0,0,0,0,0,0,0,0,0,0,0,0,0,0,0,0,0,0,0,0,0,0,0,0,0,0,0,0,0,13,8,21,39,32,64
POA6501,3,7,10,24,34,57,3,6,7,8,6,11,39,48,79,31,16,44,5,0,6,10,3,10,43,19,63,3,0,3,0,3,3,0,3,5,0,0,0,0,0,0,7,10,16,3,0,5,0,0,0,0,0,0,0,4,4,0,0,0,3,10,8,0,0,3,0,7,7,0,0,0,0,3,8,56,47,103,145,140,282
POA6502,0,6,7,31,48,76,3,3,4,4,0,4,39,48,87,21,23,37,50,34,80,10,5,11,70,60,133,0,0,0,0,5,5,6,3,8,0,4,7,0,0,0,4,11,17,0,0,0,0,0,0,0,0,0,0,3,9,0,0,0,5,6,16,0,0,0,0,3,3,0,0,0,0,6,6,49,52,104,177,195,366
POA6503,18,14,28,71,72,141,10,8,19,12,8,17,84,88,176,42,29,71,5,13,19,13,15,31,61,58,120,6,3,9,0,0,0,0,0,9,5,8,10,0,0,0,10,15,26,0,17,15,0,6,6,3,0,3,0,6,9,0,0,0,5,23,33,0,0,0,0,4,11,0,0,0,0,7,7,126,109,229,303,315,619
POA6504,0,0,0,0,0,3,0,0,0,0,0,0,0,0,3,3,7,9,0,4,4,0,3,3,3,13,18,0,0,0,0,0,0,0,0,0,0,0,0,0,0,0,0,0,0,0,0,0,0,0,0,0,0,0,0,0,0,0,0,0,0,3,3,0,0,0,0,0,0,0,0,0,0,0,0,11,12,15,16,26,44
POA6505,0,0,3,5,0,6,0,0,0,0,0,0,5,0,6,0,0,0,0,0,0,0,0,0,3,0,4,0,0,0,0,0,0,0,0,0,0,0,0,0,0,0,0,0,0,0,0,0,0,0,0,0,0,0,0,0,0,0,0,0,0,3,3,0,0,0,0,0,0,0,0,0,0,0,0,3,5,10,16,11,24
POA6506,0,0,0,0,0,0,0,0,0,0,0,0,0,0,0,0,0,0,0,0,0,0,0,0,0,0,0,0,0,0,0,0,0,0,0,0,0,0,0,0,0,0,0,0,0,0,0,0,0,0,0,0,0,0,0,0,0,0,0,0,0,0,0,0,0,0,0,0,0,0,0,0,0,0,0,3,3,3,3,7,9
POA6507,3,0,9,14,11,30,3,3,5,0,0,0,23,14,34,5,0,11,0,0,0,3,4,9,14,5,21,0,0,0,0,0,0,0,0,0,0,0,0,0,0,0,0,0,3,0,0,0,3,0,0,0,0,0,0,0,0,0,0,0,3,3,8,0,0,0,0,3,3,0,0,0,0,3,3,29,22,53,68,49,119
POA6509,3,0,3,3,11,16,0,0,0,0,0,0,3,11,16,0,3,4,0,0,0,0,0,0,0,3,3,0,0,0,0,0,0,0,0,0,0,0,0,0,0,0,0,0,0,0,0,0,0,0,0,0,0,0,3,0,3,0,0,0,3,0,3,0,0,0,0,0,0,0,0,0,0,0,0,42,10,53,48,33,83
POA6510,13,8,21,29,28,57,53,58,109,0,3,4,79,86,164,52,56,102,0,0,0,0,3,3,53,59,107,5,0,5,0,0,0,9,3,9,3,14,16,0,0,0,14,20,29,0,6,5,0,0,3,0,0,0,0,6,6,0,0,0,4,12,20,0,0,0,6,3,9,0,0,0,6,3,9,110,119,228,269,305,576
POA6511,0,3,7,17,8,31,0,0,0,0,0,0,17,8,31,4,3,8,0,3,3,0,0,0,6,8,15,0,0,0,0,0,0,0,0,0,0,0,0,0,0,0,0,3,3,0,0,0,0,0,0,0,0,0,0,0,0,0,0,0,0,0,0,0,0,0,0,6,6,0,0,0,0,6,6,32,30,61,64,63,120
POA6512,0,0,0,3,5,8,0,0,0,0,0,0,3,5,9,6,3,7,0,0,0,0,0,0,6,3,7,0,0,0,0,0,0,0,0,0,0,0,0,0,0,0,0,0,0,0,0,0,0,0,0,0,0,0,0,0,0,0,0,0,0,0,0,0,0,0,0,0,0,0,0,0,0,0,0,9,3,6,13,16,24
POA6513,4,0,4,18,11,33,0,0,0,0,0,0,18,13,32,6,8,12,0,0,0,0,0,0,6,10,14,0,0,0,0,0,0,0,0,0,0,0,0,0,0,0,0,0,0,0,0,0,0,0,0,0,0,0,0,0,0,0,0,0,0,0,0,0,0,0,0,0,0,0,0,0,0,0,0,8,5,15,39,30,66
POA6514,4,0,4,20,21,40,0,0,0,0,0,0,21,21,39,14,7,14,0,0,0,0,0,0,14,7,14,0,0,0,0,0,0,0,0,0,0,0,0,0,0,0,0,3,3,0,0,0,0,0,0,0,0,0,0,0,0,0,0,0,0,4,4,0,0,0,0,0,0,0,0,0,0,0,0,40,31,74,80,60,139
POA6515,3,0,5,15,16,27,0,0,0,0,0,0,10,16,23,0,4,5,3,0,3,3,0,3,9,4,11,0,0,0,0,0,0,0,0,0,0,0,0,0,0,0,0,0,0,0,0,0,0,0,0,0,0,0,0,0,0,0,0,0,0,0,0,0,0,0,0,0,0,0,0,0,0,0,0,5,8,8,25,26,53
POA6516,13,8,21,67,63,130,0,0,0,0,0,0,68,64,131,35,32,63,3,0,3,3,3,8,36,36,69,0,3,3,0,0,0,4,3,4,4,3,6,0,0,0,12,9,17,0,0,0,0,4,4,0,0,0,3,3,7,0,0,0,3,10,12,0,0,0,0,0,0,0,0,0,0,3,3,82,78,168,216,213,429
POA6517,4,0,6,24,16,36,0,0,0,0,0,3,25,15,34,8,3,15,0,0,0,0,0,0,8,3,15,0,0,0,0,0,0,0,0,0,0,0,0,0,0,0,0,0,4,0,0,0,0,0,0,0,0,0,0,0,0,0,0,0,0,0,0,0,0,0,0,0,0,0,0,0,0,0,0,20,22,40,61,43,104
POA6518,0,0,0,8,10,16,0,0,0,0,0,0,8,10,16,4,5,16,0,0,0,0,0,0,4,8,17,0,0,0,0,0,0,0,0,3,0,0,0,0,0,0,0,0,3,0,0,0,0,0,0,0,0,0,0,0,0,0,0,0,0,0,0,0,0,0,0,0,0,0,0,0,0,0,0,3,8,8,19,27,45
POA6519,7,3,9,41,36,70,0,0,0,0,0,0,39,36,77,3,5,16,0,0,0,0,0,0,10,5,12,0,0,0,0,0,0,0,0,0,0,0,0,0,0,0,0,0,0,0,0,0,0,0,0,0,0,0,0,3,3,0,0,0,3,4,7,0,0,0,0,0,3,0,0,0,0,3,0,22,30,53,81,79,161
POA6521,3,0,3,12,15,29,0,3,3,0,0,0,12,17,30,4,0,3,0,0,0,0,0,0,5,4,4,0,0,0,0,0,0,3,0,3,0,3,3,0,0,0,3,4,4,0,0,0,0,0,0,0,0,0,0,0,0,0,0,0,0,3,3,0,0,0,0,0,0,0,0,0,0,0,0,10,6,19,31,38,67
POA6522,4,0,3,27,14,36,0,0,0,0,0,0,29,14,39,9,3,12,0,0,0,0,0,3,10,3,14,0,0,0,0,0,0,0,0,0,3,3,8,0,0,0,3,8,9,0,0,0,0,0,0,0,0,0,0,0,3,0,0,0,3,3,6,0,0,0,0,0,0,0,0,0,0,0,0,25,20,48,72,52,118
POA6525,24,29,47,136,107,243,4,8,9,9,12,24,151,122,274,70,39,109,44,50,95,7,19,25,119,105,229,0,3,3,0,5,5,9,4,19,11,16,29,0,0,0,18,32,53,0,3,3,0,3,3,0,4,4,7,12,19,0,0,0,7,26,31,0,0,0,3,3,7,0,0,0,3,3,7,162,142,303,485,455,942
POA6528,0,3,4,10,13,23,0,6,9,3,3,7,18,18,31,0,9,11,3,5,11,0,0,3,7,12,22,0,0,0,0,0,0,0,3,3,0,0,0,0,0,0,0,3,3,0,0,0,0,0,0,0,0,0,0,0,0,0,0,0,0,3,3,0,0,3,0,0,0,0,0,0,0,0,3,25,25,52,49,68,113
POA6530,202,184,381,891,845,1734,413,448,863,191,203,389,1490,1503,2990,583,563,1143,384,424,804,172,179,343,1141,1162,2300,51,90,149,31,60,92,76,68,141,78,188,274,5,0,7,252,412,663,37,90,127,29,65,90,16,38,54,56,172,225,0,0,3,140,367,504,21,29,51,30,66,97,0,3,4,55,97,152,1507,1477,2986,4776,5196,9974
POA6532,47,32,76,155,155,311,104,102,204,50,64,117,306,320,631,92,83,179,80,103,187,51,44,90,223,237,464,5,17,18,3,17,17,15,7,29,12,37,49,0,0,0,40,77,115,0,13,13,3,22,23,0,8,8,10,37,44,0,0,0,12,81,91,10,0,8,4,15,16,0,0,0,14,12,26,584,373,956,1223,1133,2360
POA6535,3,8,12,38,42,75,23,20,39,0,0,0,62,54,123,15,19,35,7,9,15,0,0,3,23,34,56,0,4,3,0,0,0,3,4,3,0,7,8,0,0,0,3,13,17,0,3,3,0,3,3,0,0,0,0,3,3,0,0,0,0,7,10,0,0,0,0,0,3,0,0,0,0,0,3,93,74,170,193,195,389
POA6536,3,7,13,56,58,113,0,0,0,0,0,0,56,58,113,47,43,87,0,0,0,0,0,0,47,43,86,0,0,0,0,0,3,0,0,4,3,4,11,0,0,0,7,10,16,0,0,0,0,4,4,0,0,0,0,0,0,0,0,0,0,9,9,0,0,0,0,0,0,0,0,0,0,0,6,102,91,194,221,218,432
POA6537,10,4,15,37,35,71,0,0,0,0,0,0,37,35,71,16,5,24,0,0,0,0,0,0,16,8,21,0,0,0,0,0,0,0,0,0,0,3,0,0,0,0,3,4,4,0,0,0,0,0,0,0,0,3,0,3,3,0,0,0,0,8,6,0,0,0,0,0,0,0,0,0,0,0,3,53,37,91,110,96,206
POA6556,11,8,19,92,60,149,5,3,10,14,13,28,112,77,187,59,48,101,7,10,16,27,16,40,90,67,153,8,4,8,0,3,3,10,0,12,8,15,19,0,0,0,22,23,44,10,18,27,0,3,3,3,3,3,3,15,16,0,0,0,15,33,44,0,0,0,3,0,3,0,0,0,3,3,4,80,70,152,327,286,608
POA6558,10,3,11,28,23,51,0,4,9,6,0,5,32,29,61,12,18,27,3,6,11,8,4,7,16,36,55,0,4,4,3,0,3,0,0,0,0,3,3,0,0,0,8,4,13,0,6,3,0,0,0,0,6,6,0,3,3,0,0,0,3,9,12,0,0,0,0,3,3,0,0,0,0,4,4,1901,43,1944,1967,130,2099
POA6560,12,3,16,34,53,87,4,9,12,4,6,7,45,60,106,31,47,75,3,3,6,0,3,4,37,53,91,0,3,4,0,0,0,3,5,8,0,3,6,0,0,0,6,9,14,3,3,5,0,4,3,0,0,0,0,5,6,0,0,0,3,17,18,0,0,0,3,3,5,0,0,0,3,3,8,60,63,122,165,208,374
POA6562,3,8,13,63,33,98,13,5,16,3,0,3,77,39,114,22,29,53,6,10,14,3,9,6,30,39,75,0,3,8,0,3,3,0,3,3,5,9,10,0,0,0,5,20,28,3,0,4,0,3,3,0,0,0,3,3,11,0,0,0,3,7,14,0,0,3,3,3,4,0,0,0,7,5,9,47,41,87,176,163,339
POA6564,3,0,3,11,6,20,0,0,0,3,0,4,12,10,26,5,0,9,0,0,0,0,0,0,6,4,15,0,0,0,0,0,0,0,0,0,0,0,0,0,0,0,0,0,0,0,0,0,0,0,0,0,0,0,0,0,0,0,0,0,0,3,3,0,0,0,0,0,0,0,0,0,0,0,0,15,8,16,31,23,63
POA6566,18,10,29,100,87,181,8,13,20,10,3,8,108,103,213,47,55,99,13,19,35,16,14,33,74,86,161,3,0,5,0,3,5,5,7,15,3,16,22,0,0,0,18,36,51,3,6,14,0,3,3,0,0,0,0,13,14,0,0,0,9,26,32,3,4,6,3,14,13,0,0,0,3,19,21,195,174,365,425,443,864
POA6567,0,0,0,9,8,20,3,0,3,0,0,0,9,8,19,10,6,15,3,0,3,0,3,3,14,11,25,0,0,0,0,0,0,0,0,3,0,3,3,0,0,0,0,3,3,0,0,0,0,0,0,0,0,0,0,4,4,0,0,0,0,3,3,0,0,0,0,0,0,0,0,0,0,0,0,21,20,45,46,54,96
POA6568,3,0,3,6,3,9,3,0,3,0,0,0,7,3,17,3,10,7,0,4,3,6,0,6,8,9,14,0,0,0,0,0,0,0,3,3,0,0,0,0,0,0,0,3,3,0,0,0,0,0,0,0,0,0,0,0,0,0,0,0,0,0,0,0,0,0,0,3,3,0,0,0,0,3,3,0,3,4,17,21,42
POA6569,0,3,3,5,15,22,0,0,0,0,0,0,5,15,22,10,5,14,3,0,3,3,0,3,15,5,19,0,0,0,0,0,0,0,0,0,0,0,0,0,0,0,0,0,0,0,0,0,0,0,0,0,0,0,0,0,0,0,0,0,3,0,5,0,0,0,0,0,0,0,0,0,0,0,0,17,9,20,39,32,69
POA6571,0,0,0,0,12,13,0,0,0,0,0,0,0,12,13,0,3,3,0,0,0,0,0,0,0,3,3,0,0,0,0,0,0,0,0,0,0,0,0,0,0,0,0,3,3,0,0,0,0,0,0,0,0,0,0,0,0,0,0,0,0,0,0,0,0,0,0,0,0,0,0,0,0,0,0,0,4,5,3,21,23
POA6572,0,0,0,5,4,6,0,0,0,0,0,0,5,4,6,0,0,0,0,0,0,0,0,0,0,0,0,0,0,0,0,0,0,0,0,0,0,0,0,0,0,0,0,0,0,0,0,0,0,0,0,0,0,0,0,0,0,0,0,0,0,0,0,0,0,0,0,0,0,0,0,0,0,0,0,0,0,0,5,7,15
POA6574,0,0,0,3,8,10,0,0,4,0,0,0,5,9,13,0,0,0,0,0,0,0,0,0,0,0,0,0,0,0,0,0,0,0,0,0,0,0,0,0,0,0,0,0,0,0,0,0,0,0,0,0,0,0,0,0,0,0,0,0,0,0,0,0,0,0,0,0,0,0,0,0,0,0,0,11,3,10,13,11,28
POA6575,0,0,0,12,4,21,0,0,0,0,0,0,12,4,25,0,0,0,0,0,0,0,0,0,3,0,3,0,0,0,0,0,0,0,0,0,0,0,0,0,0,0,0,0,0,0,0,0,0,0,0,0,0,0,0,0,0,0,0,0,0,4,4,0,0,0,0,0,0,0,0,0,0,0,0,5,9,13,28,15,46
POA6603,13,6,21,62,57,114,3,0,3,3,3,5,66,60,121,20,20,41,0,0,0,0,3,3,22,22,42,0,0,0,0,0,0,0,3,7,3,6,9,0,0,0,5,7,14,0,0,4,0,0,3,0,0,0,0,8,8,0,0,0,3,12,19,0,0,3,0,8,9,0,0,0,0,8,12,32,19,55,143,137,277
POA6605,0,0,0,0,3,6,0,0,0,0,0,0,0,3,6,0,4,4,0,0,0,0,0,0,0,4,4,0,0,0,0,0,0,0,0,0,0,0,0,0,0,0,0,0,0,0,0,0,0,0,0,0,0,0,0,0,0,0,0,0,0,0,0,0,0,0,0,0,0,0,0,0,0,0,0,0,0,0,0,9,11
POA6606,0,0,0,4,4,15,0,0,0,0,0,0,4,4,15,3,0,8,0,0,0,0,0,0,3,0,8,0,0,0,0,0,0,0,0,0,0,0,0,0,0,0,0,0,0,0,0,0,0,0,0,0,0,0,0,0,0,0,0,0,0,0,0,5,0,5,0,0,0,0,0,0,5,0,5,6,4,6,15,14,34
POA6608,3,3,3,5,6,14,0,0,0,0,0,0,5,6,14,3,0,8,0,0,0,0,0,0,3,0,8,0,0,0,0,0,0,0,0,3,0,0,0,0,0,0,0,0,3,0,0,0,0,0,0,0,0,0,0,0,0,0,0,0,0,0,0,0,0,0,0,0,0,0,0,0,0,0,0,3,3,7,19,14,36
POA6609,3,6,14,29,33,62,0,0,0,0,0,0,29,36,62,13,11,22,0,0,0,3,0,9,21,10,31,4,0,4,0,0,0,0,4,7,0,4,3,0,0,0,10,4,14,3,0,3,4,3,6,0,0,0,0,0,4,0,0,0,7,6,10,0,0,3,0,4,7,0,0,0,3,3,9,38,32,70,110,96,208
POA6612,0,3,3,8,9,23,0,0,0,0,0,0,8,9,23,4,0,6,0,0,0,0,0,0,4,0,6,0,0,0,0,0,0,0,0,0,0,0,0,0,0,0,0,0,0,0,0,0,0,0,0,0,0,0,0,0,0,0,0,0,0,0,0,0,0,0,0,0,0,0,0,0,0,0,0,18,15,28,29,29,61
POA6613,0,0,0,3,0,10,0,0,0,0,0,0,3,0,10,0,0,0,0,0,0,0,0,0,0,0,4,0,0,0,0,0,0,0,0,0,0,0,0,0,0,0,0,0,0,0,0,0,0,0,0,0,0,0,0,0,0,0,0,0,0,0,0,0,0,0,0,0,0,0,0,0,0,0,0,6,4,9,11,6,20
POA6614,0,0,0,0,0,0,0,0,0,0,0,0,0,0,0,0,0,0,0,0,0,0,0,0,0,0,0,0,0,0,0,0,0,0,0,0,0,0,0,0,0,0,0,0,0,0,0,0,0,0,0,0,0,0,0,0,0,0,0,0,0,0,0,0,0,0,0,0,0,0,0,0,0,0,0,0,3,3,0,3,3
POA6616,0,0,0,0,3,3,0,0,0,0,0,0,0,3,3,3,0,4,0,0,0,0,0,0,0,0,5,0,0,0,0,0,0,0,0,0,0,0,0,0,0,0,0,0,0,0,0,0,0,0,0,0,0,0,0,0,0,0,0,0,0,0,0,0,0,0,0,0,0,0,0,0,0,0,0,0,0,0,4,6,6
POA6620,0,7,7,20,17,34,0,0,0,0,0,0,20,17,34,4,6,3,0,0,0,0,0,0,4,6,3,0,0,0,0,0,0,3,0,5,0,3,4,0,0,0,7,9,9,0,0,0,0,0,0,3,0,3,3,0,8,0,0,0,3,0,5,0,0,0,0,0,0,0,0,0,0,0,0,47,18,65,75,46,125
POA6623,7,4,9,39,20,61,0,0,0,0,0,3,41,24,57,36,28,68,0,0,0,3,0,3,42,28,71,0,0,0,0,0,0,0,0,6,0,3,3,0,0,0,0,9,4,0,0,0,0,0,0,0,0,0,0,0,0,0,0,0,0,0,4,0,0,0,0,0,0,0,0,0,0,0,0,30,33,64,121,95,219
POA6625,0,0,0,3,3,8,0,0,0,0,0,0,4,3,8,0,0,0,0,0,0,0,0,0,0,3,3,0,0,0,0,0,0,0,0,0,0,0,0,0,0,0,0,0,0,0,0,0,0,0,0,0,0,0,0,0,0,0,0,0,0,0,0,0,0,0,0,0,0,0,0,0,0,0,0,6,3,7,11,7,17
POA6627,0,0,0,9,0,14,0,0,0,0,0,0,9,0,14,0,0,5,0,0,0,0,0,0,3,0,3,0,0,0,0,0,0,0,0,0,0,0,0,0,0,0,0,0,0,0,3,3,0,0,0,0,0,0,0,4,4,0,0,0,0,7,7,0,0,0,0,0,0,0,0,0,0,0,0,0,0,0,14,7,22
POA6628,0,0,0,0,0,0,0,4,4,0,0,0,0,4,3,0,0,0,0,0,0,0,0,0,0,0,0,0,0,0,0,0,0,0,0,0,0,0,0,0,0,0,0,0,0,0,0,0,0,0,0,0,0,0,0,0,0,0,0,0,0,0,0,0,0,0,0,0,0,0,0,0,0,0,0,3,0,7,6,9,14
POA6630,7,7,12,12,23,30,18,9,28,0,0,0,27,31,57,4,6,10,3,0,7,0,0,0,9,12,20,0,0,0,0,0,0,0,0,0,0,0,4,0,0,0,0,3,7,0,0,0,0,0,0,0,0,0,0,5,5,0,0,0,0,5,5,0,0,0,0,3,5,0,0,0,0,3,5,60,41,106,104,98,208
POA6631,0,0,0,0,0,0,0,0,0,0,0,0,3,0,3,0,3,3,0,0,0,0,0,0,0,3,3,0,0,0,0,0,0,0,0,0,0,0,0,0,0,0,0,0,0,0,0,0,0,0,0,0,0,0,0,0,0,0,0,0,0,0,0,0,0,0,0,0,0,0,0,0,0,0,0,3,0,3,3,3,5
POA6632,0,0,0,3,0,3,5,3,10,0,0,0,5,3,8,3,0,3,0,0,0,0,0,0,3,0,4,0,0,0,0,0,0,0,0,0,0,0,0,0,0,0,0,0,0,0,0,0,0,0,0,0,0,0,0,0,0,0,0,0,0,6,6,0,0,0,0,0,0,0,0,0,0,0,0,0,5,8,15,9,21
POA6635,0,3,3,13,11,19,0,0,0,0,0,0,13,11,19,5,5,6,0,0,0,0,0,0,5,5,6,0,0,0,0,0,0,0,0,0,3,0,3,0,0,0,3,0,3,0,0,0,0,0,0,0,0,0,4,0,4,0,0,0,4,0,4,0,0,0,0,0,0,0,0,0,0,0,0,55,26,83,73,45,123
POA6638,0,7,6,19,14,34,0,0,0,0,0,0,21,14,35,5,6,14,0,0,0,0,0,3,13,7,21,0,0,0,0,0,0,0,0,0,0,0,0,0,0,0,0,3,3,0,0,0,0,0,0,0,0,0,0,0,0,0,0,0,0,3,3,0,0,0,0,0,0,0,0,0,0,0,0,69,51,118,98,78,180
POA6639,0,0,0,0,0,0,0,0,0,0,0,0,0,0,0,0,0,3,0,0,0,0,0,0,0,0,3,0,0,0,0,0,0,0,0,0,0,0,0,0,0,0,0,0,0,0,0,0,0,0,0,0,0,0,0,0,0,0,0,0,0,0,0,0,0,0,0,0,0,0,0,0,0,0,0,13,4,19,14,6,21
POA6640,0,0,0,11,0,9,0,0,0,0,0,0,11,0,9,0,0,0,0,0,0,0,0,0,0,0,0,0,0,0,0,0,0,0,0,0,0,0,0,0,0,0,0,0,0,0,0,0,0,0,0,0,0,0,0,0,0,0,0,0,3,0,3,0,0,0,0,0,0,0,0,0,0,0,0,34,20,57,40,26,65
POA6642,7,3,7,28,27,56,0,0,0,4,0,4,33,27,57,8,9,24,0,0,0,0,5,5,8,18,25,0,0,0,0,0,3,0,0,0,0,0,0,0,0,0,3,3,6,0,3,3,0,0,0,3,0,3,6,7,7,0,0,0,6,7,13,0,0,0,0,0,0,0,0,0,0,0,3,153,112,259,214,164,374
POA6646,4,0,8,16,22,36,0,0,0,0,0,0,16,23,39,3,3,8,0,0,3,0,0,3,5,4,14,0,0,0,0,0,0,0,3,3,3,0,4,0,0,0,5,4,13,0,0,3,0,0,0,0,0,0,0,3,5,0,0,0,4,3,4,0,4,4,3,3,5,0,0,0,3,3,6,108,31,140,147,68,221
POA6701,37,28,70,83,73,161,87,84,172,54,51,102,225,212,435,77,65,138,55,48,99,3,4,9,132,115,243,3,0,7,0,8,9,4,13,19,7,25,32,0,0,0,19,40,59,0,4,7,5,12,9,0,4,4,5,16,25,0,0,0,10,32,45,4,3,8,3,7,12,0,0,0,11,11,18,508,444,953,951,881,1828
POA6705,4,4,8,12,11,25,0,0,0,0,0,0,12,11,25,10,16,21,0,0,0,0,0,0,10,16,21,0,0,0,0,0,0,0,0,0,0,0,0,0,0,0,0,0,0,0,0,0,0,0,0,0,0,0,4,4,6,0,0,0,4,4,6,0,0,0,0,0,0,0,0,0,0,0,0,27,16,43,56,51,109
POA6707,25,23,42,116,102,216,0,0,0,9,3,13,125,104,227,67,65,133,0,0,0,3,4,6,70,69,142,3,0,6,0,0,0,5,4,12,12,27,30,0,0,0,20,32,51,0,3,3,0,10,5,0,0,0,3,12,12,0,0,0,4,16,24,0,0,0,0,0,0,0,0,0,0,0,0,144,137,280,384,379,770
POA6710,5,3,13,29,30,62,0,0,0,0,0,0,29,30,62,19,16,28,0,0,0,3,0,4,23,17,40,0,0,0,3,0,10,3,5,9,35,13,54,0,0,0,42,24,69,0,0,0,7,3,12,0,0,0,20,15,38,0,0,0,32,23,48,0,0,0,5,5,12,0,0,0,7,6,19,754,135,884,892,232,1125
POA6711,0,0,0,0,0,0,0,0,0,0,0,0,0,0,0,0,0,0,0,0,0,0,0,0,0,0,0,0,0,0,0,0,0,0,0,0,0,0,0,0,0,0,0,0,0,0,0,0,0,0,0,0,0,0,0,0,0,0,0,0,0,0,0,0,0,0,0,0,0,0,0,0,0,0,0,0,0,0,0,0,0
POA6712,0,0,0,0,0,0,0,0,0,0,0,0,0,0,0,0,0,0,0,0,0,0,0,0,7,0,7,0,0,0,4,0,4,0,0,0,25,0,25,0,0,0,29,0,29,0,0,0,7,0,7,0,0,0,11,0,14,0,0,0,18,0,24,3,0,3,3,0,0,0,0,0,3,0,8,374,26,394,427,23,458
POA6713,8,5,18,79,82,165,4,0,4,0,0,0,85,82,165,27,16,43,28,14,39,0,0,0,52,31,80,0,0,0,0,0,0,0,3,3,6,7,7,0,0,0,6,11,11,0,0,0,0,5,5,0,0,0,3,7,5,0,0,0,3,10,13,0,0,0,0,4,3,0,0,0,0,4,4,50,41,87,199,175,382
POA6714,156,133,290,740,635,1379,126,142,271,27,30,56,896,813,1710,369,278,652,126,123,243,0,0,3,491,408,899,10,9,17,8,12,23,38,42,74,79,107,185,0,3,4,124,178,301,7,18,27,19,30,44,0,8,16,58,106,161,0,0,0,82,165,244,0,5,9,19,45,71,0,0,0,27,55,74,1379,874,2255,3154,2620,5774
POA6716,11,6,16,47,52,106,0,0,0,0,3,4,51,56,108,3,3,4,0,0,0,0,0,0,3,8,7,0,0,0,0,0,0,0,0,0,3,7,12,0,0,0,3,7,12,0,0,0,0,0,0,0,0,0,0,5,11,0,0,0,0,12,12,0,4,4,0,4,4,0,0,0,0,7,7,39,28,67,105,118,217
POA6718,5,12,16,41,39,75,3,3,8,0,0,0,45,36,80,32,25,58,3,0,3,3,4,3,34,34,62,0,0,3,0,0,0,0,0,0,0,3,4,0,0,0,3,4,9,0,0,0,0,0,0,0,0,0,0,0,0,0,0,0,0,0,3,0,0,0,3,0,0,0,0,0,6,0,3,217,61,281,306,148,454
POA6720,37,21,57,104,83,189,45,33,81,0,0,0,153,121,270,61,46,103,21,28,49,4,0,7,79,73,159,0,0,0,0,0,0,3,3,8,8,15,25,0,0,0,12,20,30,0,8,8,0,3,3,0,0,0,7,13,18,0,0,0,7,22,28,0,0,0,5,9,15,0,0,0,3,13,13,244,87,334,533,361,895
POA6721,26,30,52,156,168,328,41,32,74,6,7,12,209,210,414,69,83,152,0,0,0,5,0,5,76,79,153,4,0,4,0,5,5,6,12,23,20,35,54,0,0,3,27,62,92,0,6,6,3,13,19,3,7,6,30,35,70,0,0,0,37,65,100,0,0,3,4,11,12,0,3,3,5,13,21,386,273,662,759,733,1494
POA6722,79,73,151,419,340,762,32,50,87,12,18,23,458,405,865,231,234,467,3,3,4,7,6,20,245,250,489,11,6,17,11,12,25,23,26,45,27,77,110,0,0,0,69,131,198,3,4,7,0,8,9,3,10,10,39,63,104,0,0,0,46,92,136,3,11,18,15,35,51,0,0,0,14,53,69,892,778,1675,1808,1781,3590
POA6725,80,75,151,425,388,812,98,115,212,4,7,12,531,511,1043,225,212,441,60,75,142,7,9,22,294,301,598,9,0,7,3,10,13,20,16,35,30,80,109,0,3,3,66,105,175,6,25,36,14,23,39,0,12,12,24,104,126,0,0,0,49,160,209,10,9,16,10,19,28,3,0,3,19,33,51,848,707,1556,1891,1892,3787
POA6726,39,36,74,184,186,373,91,80,171,7,3,13,288,264,555,143,120,259,36,33,66,3,5,7,179,158,344,7,3,9,5,4,8,11,8,21,26,58,85,0,0,0,48,74,122,3,4,11,5,14,19,0,0,0,24,41,67,3,0,3,37,65,103,0,6,5,4,16,14,0,0,0,3,18,26,345,371,716,940,994,1934
POA6728,42,48,93,270,240,514,47,47,93,28,33,62,342,320,667,114,136,251,7,11,18,25,23,41,142,166,310,3,3,6,3,0,3,14,7,18,27,20,47,0,0,0,46,37,76,3,3,3,3,11,18,0,0,0,8,21,33,0,0,0,10,44,59,0,0,3,5,6,11,0,0,0,9,7,20,496,369,870,1090,997,2093
POA6731,0,0,0,0,0,0,0,0,0,0,0,0,0,0,0,0,0,0,0,0,0,0,0,0,0,0,0,0,0,0,0,0,0,0,0,0,0,0,0,0,0,0,0,0,0,0,0,0,0,0,0,0,0,0,0,0,0,0,0,0,0,0,0,0,0,0,0,0,0,0,0,0,0,0,0,3,0,3,3,0,3
POA6733,0,0,0,0,0,0,0,0,0,0,0,0,0,0,0,0,0,0,0,0,0,0,0,0,0,0,0,0,0,0,0,0,0,0,0,0,0,0,0,0,0,0,0,0,0,0,0,0,0,0,0,0,0,0,0,0,0,0,0,0,0,0,0,0,0,0,0,0,0,0,0,0,0,0,0,0,0,0,0,0,0
POA6740,5,9,19,38,56,92,14,12,26,3,3,5,58,65,124,29,37,62,3,4,5,0,9,6,28,45,77,0,0,0,0,0,0,0,0,3,5,4,5,0,0,0,6,10,12,0,0,0,4,0,3,0,0,0,0,6,10,0,0,0,4,8,15,3,0,3,0,0,0,0,0,0,3,0,3,90,118,209,204,258,458
POA6743,43,34,82,177,223,401,66,66,133,6,3,7,256,294,547,134,107,239,14,16,30,8,8,10,152,126,278,6,6,10,3,7,9,14,10,27,20,40,62,0,0,3,43,69,109,8,8,10,6,12,14,0,6,11,13,40,56,0,0,0,24,63,86,10,3,12,8,31,35,0,0,3,14,32,47,433,421,852,969,1042,2011
POA6751,50,34,79,179,192,371,0,0,0,8,3,4,181,197,375,106,72,175,0,0,0,3,3,4,108,69,178,3,0,4,3,3,8,9,5,20,18,23,38,0,0,3,36,32,72,5,0,4,6,4,10,0,0,3,32,32,62,0,0,0,47,35,84,0,0,0,10,7,25,0,0,0,10,7,24,509,203,713,945,583,1530
POA6753,47,48,93,228,257,483,0,0,0,14,7,15,240,258,503,126,135,261,5,0,5,7,4,7,134,137,274,8,3,14,7,7,10,10,10,22,38,31,70,0,0,0,64,60,125,0,4,4,3,9,15,0,5,10,45,40,82,0,0,3,48,54,108,0,0,3,17,15,36,3,0,3,21,17,41,1160,425,1591,1728,1003,2726
POA6754,14,16,30,82,82,162,0,0,0,10,6,15,94,87,185,47,20,67,0,0,0,3,0,3,51,19,76,0,0,0,0,0,0,3,4,8,7,11,21,0,0,0,9,18,30,0,0,5,0,0,0,0,0,0,4,6,11,0,0,0,7,8,19,0,0,0,0,3,3,0,0,0,3,3,6,120,55,180,298,214,513
POA6758,3,0,3,4,9,11,0,0,0,0,0,0,4,9,11,7,3,12,0,0,0,0,0,0,7,3,12,4,0,4,0,0,0,3,0,3,17,6,19,0,0,0,24,6,28,0,0,0,4,0,4,0,0,0,16,6,27,0,0,0,19,11,24,0,0,0,7,0,7,0,0,0,7,0,4,191,53,244,249,84,330
POA6760,4,3,4,30,27,53,0,0,0,6,3,9,35,30,65,15,9,27,0,0,0,3,0,4,17,16,31,0,0,0,0,0,0,0,0,0,0,3,3,0,0,0,0,3,3,0,0,0,0,0,0,0,0,0,3,0,3,0,0,0,3,3,4,0,0,0,0,0,0,0,0,0,0,0,0,65,42,106,120,88,211
POA6762,3,0,3,20,15,37,0,0,0,0,0,3,21,19,35,21,9,31,0,0,0,0,0,3,20,15,33,0,0,0,0,0,0,0,0,0,4,9,13,0,0,0,7,9,13,0,0,0,0,0,0,0,0,0,4,0,4,0,0,0,4,0,4,0,0,0,0,0,0,0,0,0,0,0,0,135,18,148,197,52,249
POA6765,8,11,15,46,45,96,0,0,0,23,49,66,70,93,160,30,18,41,0,3,3,13,11,29,43,32,76,0,0,0,0,0,0,3,0,5,6,5,13,0,0,0,6,7,18,3,0,4,0,6,8,0,0,0,3,5,9,0,0,0,6,15,17,0,0,0,0,0,3,0,0,0,5,0,4,102,124,225,239,277,523
POA6770,21,9,32,66,57,126,55,51,98,22,14,34,143,123,264,57,36,93,10,16,23,3,12,14,69,67,133,0,0,0,0,0,0,0,3,4,7,7,15,0,0,0,12,9,21,0,0,3,0,0,0,0,0,0,0,8,10,0,0,0,3,11,14,0,0,6,3,3,10,0,0,0,5,5,10,368,388,753,618,606,1223
