POA_CODE_2016,P_FoodHospPersServ_Occ_Mng,P_FoodHospPersServ_Occ_Pro,P_FoodHospPersServ_Occ_TTW,P_FoodHospPersServ_Occ_CPS,P_FoodHospPersServ_Occ_CA,P_FoodHospPersServ_Occ_Sal,P_FoodHospPersServ_Occ_MOD,P_FoodHospPersServ_Occ_Lab,P_FoodHospPersServ_Occ_IDNS,P_FoodHospPersServ_Total,P_MixFieldProg_Occ_Mng,P_MixFieldProg_Occ_Pro,P_MixFieldProg_Occ_TTW,P_MixFieldProg_Occ_CPS,P_MixFieldProg_Occ_CA,P_MixFieldProg_Occ_Sal,P_MixFieldProg_Occ_MOD,P_MixFieldProg_Occ_Lab,P_MixFieldProg_Occ_IDNS,P_MixFieldProg_Total,P_FS_ID_Occ_Mng,P_FS_ID_Occ_Pro,P_FS_ID_Occ_TTW,P_FS_ID_Occ_CPS,P_FS_ID_Occ_CA,P_FS_ID_Occ_Sal,P_FS_ID_Occ_MOD,P_FS_ID_Occ_Lab,P_FS_ID_Occ_IDNS,P_FS_ID_Total,P_FS_NS_Occ_Mng,P_FS_NS_Occ_Pro,P_FS_NS_Occ_TTW,P_FS_NS_Occ_CPS,P_FS_NS_Occ_CA,P_FS_NS_Occ_Sal,P_FS_NS_Occ_MOD,P_FS_NS_Occ_Lab,P_FS_NS_Occ_IDNS,P_FS_NS_Total,P_Tot_Occ_Mng,P_Tot_Occ_Pro,P_Tot_Occ_TTW,P_Tot_Occ_CPS,P_Tot_Occ_CA,P_Tot_Occ_Sal,P_Tot_Occ_MOD,P_Tot_Occ_Lab,P_Tot_Occ_IDNS,P_Total_Total
POA6000,26,6,130,40,17,23,9,21,5,277,0,0,6,3,0,3,0,4,0,12,11,23,4,11,10,3,3,3,0,73,7,29,12,13,8,10,3,24,14,108,727,2081,553,458,556,221,73,277,73,5018
POA6003,12,0,50,15,9,4,3,3,0,109,0,0,0,0,0,0,0,0,0,4,4,7,0,0,0,5,0,0,0,22,0,3,0,7,3,0,3,0,0,22,229,600,173,168,154,93,28,89,25,1558
POA6004,35,11,124,41,18,15,3,20,0,267,4,0,0,11,0,0,3,3,0,15,5,17,5,3,8,4,0,0,6,47,4,11,17,12,4,5,4,12,16,97,786,1874,534,427,473,223,73,261,85,4732
POA6005,23,4,51,21,8,7,0,3,0,126,0,0,0,0,0,0,0,5,0,7,3,19,0,0,3,0,0,0,4,33,3,0,8,3,0,0,0,0,8,27,359,1202,221,216,285,129,41,108,33,2589
POA6006,18,11,66,24,17,7,0,11,0,158,0,0,0,0,0,0,0,0,0,3,6,17,0,3,7,4,3,3,3,49,10,13,5,7,0,5,0,8,10,55,588,1648,393,272,390,165,50,113,33,3652
POA6007,17,7,54,16,12,6,3,8,0,119,0,0,3,0,0,0,0,3,0,9,9,14,0,4,6,0,3,3,0,40,3,0,5,6,3,3,0,4,6,34,488,1654,292,238,313,148,54,95,41,3324
POA6008,20,9,49,31,18,12,0,4,0,148,0,0,0,4,3,3,0,0,0,7,14,27,0,4,8,3,3,3,4,71,11,28,14,7,3,12,0,3,11,87,1052,3413,393,375,586,262,39,125,83,6326
POA6009,15,7,30,23,10,7,0,4,0,93,0,0,0,0,0,0,0,0,0,3,11,23,0,4,11,4,0,0,0,60,11,15,3,3,5,0,0,3,17,65,1059,3442,251,336,614,291,72,143,88,6294
POA6010,26,3,47,21,10,13,0,3,0,129,0,0,0,0,0,0,0,0,0,0,17,30,5,7,9,3,0,3,0,77,16,19,8,6,9,13,0,3,14,85,1174,3023,316,383,570,304,46,96,86,5995
POA6011,10,0,19,11,10,8,0,3,0,63,0,0,0,0,0,0,0,0,0,0,13,16,9,4,3,3,0,0,3,47,5,10,4,3,3,3,0,5,4,35,763,1841,177,167,290,155,20,56,75,3548
POA6012,19,3,32,17,7,3,0,9,0,91,0,0,0,0,0,0,0,0,0,4,17,14,0,5,9,10,0,0,3,53,11,12,3,3,4,4,0,3,3,40,611,1448,232,254,328,155,36,98,50,3210
POA6014,30,8,101,25,28,12,3,20,0,220,0,0,0,3,0,0,0,8,0,16,17,25,7,7,13,3,5,11,6,98,14,24,14,11,17,3,3,7,10,96,1386,3764,629,586,826,360,114,312,86,8064
POA6015,11,0,13,0,0,6,0,0,0,37,0,0,0,0,0,0,0,0,0,8,3,5,0,0,0,0,0,0,0,16,3,0,0,6,0,0,0,0,6,20,506,1126,121,99,220,106,9,40,44,2270
POA6016,24,6,75,15,21,13,6,9,0,174,0,0,0,0,0,0,0,0,0,3,0,17,3,10,11,3,0,3,0,57,11,7,4,5,5,9,4,6,4,53,602,1766,422,349,394,211,105,260,39,4144
POA6017,10,0,34,19,14,7,3,7,0,97,0,0,0,0,0,0,0,0,0,0,0,0,3,3,0,0,3,3,0,19,3,3,3,3,3,3,3,9,3,35,170,462,240,222,205,111,70,153,16,1644
POA6018,79,19,174,82,77,71,20,33,6,552,0,0,0,0,3,0,0,0,0,9,33,34,12,11,25,8,4,7,5,143,17,34,39,30,28,13,5,20,37,222,2190,5752,1842,1111,1596,710,264,411,168,14036
POA6019,37,24,134,63,42,33,16,27,0,380,0,3,0,0,0,0,0,0,0,5,22,28,7,16,8,8,0,5,3,107,24,25,24,10,16,12,6,13,15,150,1475,3542,1296,840,946,499,176,346,100,9227
POA6020,33,7,74,41,46,30,14,13,4,256,0,0,0,0,0,0,0,0,0,7,20,23,11,8,10,3,0,3,0,70,14,17,16,7,3,12,7,5,17,100,1347,2958,938,570,838,406,142,185,115,7493
POA6021,42,10,151,49,42,36,25,24,4,381,0,0,0,0,0,3,0,4,0,12,0,7,10,0,10,6,3,3,0,48,15,11,35,10,20,19,9,15,16,149,826,2069,1147,579,809,438,236,317,92,6512
POA6022,8,3,31,14,14,12,3,17,3,108,0,0,0,0,0,0,0,0,0,0,3,4,3,3,3,0,0,3,3,22,4,0,6,3,8,4,0,3,12,37,182,551,328,181,205,81,50,61,22,1671
POA6023,22,9,59,25,31,22,3,9,0,183,0,0,0,0,0,0,0,0,0,3,10,17,10,10,5,3,7,4,0,65,5,16,11,12,9,10,0,3,19,80,861,2096,762,494,636,256,104,171,74,5460
POA6024,33,7,62,33,25,21,13,9,0,205,0,0,5,0,0,0,0,0,0,11,3,7,10,4,14,3,0,0,0,41,11,14,16,11,9,11,10,9,15,103,530,1433,862,463,548,235,144,198,71,4473
POA6025,55,18,163,75,68,49,20,39,5,495,0,0,0,3,4,0,0,0,0,7,16,24,14,24,15,3,6,8,0,110,18,21,47,17,32,12,12,25,37,232,1516,3303,2025,1035,1303,529,287,437,145,10588
POA6026,39,12,106,50,53,56,18,33,3,358,0,3,0,0,0,0,0,0,0,6,12,15,10,9,13,4,7,0,3,73,11,6,25,18,26,14,6,8,12,120,1027,2472,1328,796,1012,451,204,290,74,7649
POA6027,64,27,235,147,125,98,35,66,3,793,0,0,3,0,3,3,0,3,0,13,26,30,17,27,25,15,7,5,4,151,21,30,55,26,42,21,17,30,41,277,1783,4219,2941,1659,1741,889,440,744,204,14614
POA6028,38,14,152,68,62,59,21,32,7,459,0,0,0,5,0,8,0,3,0,10,12,19,14,17,0,3,6,10,0,81,19,16,30,14,19,14,9,13,21,146,1193,2331,1577,837,1016,515,240,321,130,8164
POA6029,3,3,9,4,3,0,0,0,0,31,0,0,0,0,0,0,0,0,0,0,3,5,0,4,0,0,0,0,0,17,3,0,0,3,0,0,0,0,3,19,203,430,127,81,94,46,11,24,10,1033
POA6030,84,22,268,129,94,88,32,75,3,795,0,3,0,6,0,5,0,0,0,20,17,27,26,26,15,8,7,19,3,145,23,21,64,40,35,41,31,44,55,358,1314,2475,2649,1546,1365,699,499,786,207,11553
POA6031,27,8,142,65,63,42,16,36,0,405,0,0,0,4,0,0,0,3,0,8,8,6,11,13,3,0,12,4,0,66,12,10,30,13,17,14,16,12,17,136,535,1165,1266,748,762,349,255,330,75,5487
POA6032,0,0,0,0,0,0,0,0,0,0,0,0,0,0,0,0,0,0,0,0,0,0,0,0,0,0,0,0,0,0,0,0,0,0,0,0,0,0,0,0,10,17,13,0,5,4,0,3,3,65
POA6033,0,0,0,0,3,0,0,0,0,3,0,0,0,0,0,0,0,0,0,0,0,0,3,0,0,0,0,0,0,0,5,0,3,0,0,0,0,0,3,9,23,28,17,10,15,3,3,4,3,110
POA6034,3,0,25,13,10,8,3,6,0,65,0,0,0,0,0,0,0,0,0,0,3,0,0,0,0,0,0,3,0,6,0,0,5,3,0,0,0,3,0,16,52,111,161,105,86,43,27,32,6,626
POA6035,18,3,68,36,22,13,9,19,0,199,0,3,0,0,0,0,0,0,0,6,3,4,3,0,0,4,4,3,0,16,4,8,20,8,10,11,10,11,3,75,226,427,618,324,243,139,138,205,26,2350
POA6036,28,10,130,61,54,46,20,31,4,380,0,0,7,0,0,3,0,0,0,11,3,7,9,7,0,5,8,3,0,43,18,21,27,14,17,18,13,21,12,166,482,982,1100,682,526,304,230,296,55,4648
POA6037,0,0,23,12,9,7,10,9,0,62,0,0,0,0,0,0,0,0,0,0,0,0,0,0,0,0,0,3,0,7,4,0,5,3,0,3,4,3,3,26,56,113,204,87,74,50,62,83,11,752
POA6038,14,6,64,29,34,23,10,15,0,195,0,0,0,0,0,0,0,3,0,3,0,3,3,10,3,0,8,0,0,22,8,5,12,14,4,12,11,4,3,76,211,472,559,367,283,150,99,152,14,2312
POA6041,4,0,7,0,0,0,0,4,0,16,0,0,0,0,0,0,0,0,0,0,0,0,0,0,0,0,0,0,0,4,3,0,5,0,0,3,3,3,0,17,21,38,75,32,41,12,25,37,5,287
POA6042,0,0,0,0,0,0,0,0,0,0,0,0,0,0,0,0,0,0,0,0,0,0,0,0,0,0,0,0,0,0,0,0,0,0,0,0,0,0,0,3,4,4,0,0,0,0,3,3,0,18
POA6043,0,0,0,0,0,0,0,0,0,3,0,0,0,0,0,0,0,0,0,0,0,0,0,0,0,0,0,0,0,0,0,0,0,0,0,0,0,0,0,0,5,9,5,0,4,0,3,8,0,38
POA6044,0,0,6,6,5,0,0,0,0,16,0,0,0,0,0,0,0,0,0,0,0,0,0,0,0,0,0,0,0,3,3,0,0,0,3,3,0,3,0,16,38,35,60,23,27,14,23,57,5,283
POA6050,37,6,90,30,24,17,3,10,0,219,0,0,3,3,0,0,0,0,0,9,17,23,5,7,7,6,0,8,0,84,13,16,13,10,3,5,6,5,12,85,981,2697,521,481,614,337,91,162,75,5953
POA6051,36,5,120,41,26,21,20,20,0,289,3,3,3,0,0,0,0,3,0,13,10,15,3,11,6,0,5,4,3,59,11,8,15,9,13,7,10,11,19,99,662,1962,715,585,603,271,222,303,53,5379
POA6052,31,10,60,24,17,20,6,15,6,190,0,0,0,0,0,0,0,0,0,4,9,23,8,12,7,0,0,0,3,65,0,12,14,11,9,4,3,3,4,66,656,1652,533,342,456,251,84,153,62,4179
POA6053,34,4,98,37,22,24,11,36,6,265,0,0,0,0,0,0,0,4,0,7,12,28,4,10,9,3,3,3,3,75,5,16,21,5,13,10,10,8,15,97,745,1958,819,549,616,275,160,250,85,5454
POA6054,37,13,123,60,54,23,23,25,3,356,3,0,6,0,0,3,0,0,0,13,13,10,8,14,18,0,3,0,0,72,19,17,30,24,30,11,20,26,24,192,694,1816,1141,791,820,329,285,348,80,6306
POA6055,48,9,153,77,56,37,44,38,5,469,0,0,0,3,3,0,0,3,0,4,6,14,21,21,9,3,16,10,4,99,18,7,17,11,11,18,20,13,29,150,831,1730,1397,894,895,406,497,352,105,7101
POA6056,65,21,243,127,75,71,55,70,4,725,0,4,0,3,0,3,4,0,0,26,13,23,26,23,22,11,21,14,5,151,28,21,59,33,27,21,45,51,46,333,1132,2224,2374,1398,1330,618,686,728,161,10653
POA6057,29,8,92,53,50,28,23,40,0,325,0,0,0,0,0,0,0,0,0,5,7,9,15,7,5,0,8,4,3,64,8,7,22,8,20,10,24,8,21,130,525,914,1170,568,627,237,365,263,69,4744
POA6058,22,3,83,35,41,20,26,30,0,261,0,3,0,0,0,0,0,0,0,9,6,9,5,3,11,0,7,8,3,48,0,7,24,7,11,12,21,12,23,112,310,570,922,450,476,190,282,237,74,3509
POA6059,51,13,140,82,48,35,20,21,5,411,0,0,3,0,0,0,0,3,0,8,19,18,12,6,13,12,7,9,5,100,11,19,19,20,17,15,7,16,19,150,1035,2446,1121,773,929,492,233,378,90,7505
POA6060,53,14,179,74,46,47,22,28,3,471,0,0,0,0,3,0,4,3,0,20,14,19,16,13,15,10,6,5,4,101,18,15,24,19,16,10,12,19,24,143,1096,3149,1343,944,1061,560,321,527,106,9110
POA6061,69,20,296,145,64,63,73,70,5,813,7,3,7,7,0,3,6,17,5,55,15,11,27,23,19,13,27,20,4,169,7,20,53,43,31,22,39,60,77,344,830,2255,2016,1728,1229,674,738,1074,207,10746
POA6062,54,17,252,96,93,66,36,58,11,678,4,0,4,4,0,5,0,7,3,22,14,20,13,14,28,5,15,12,4,120,20,19,43,33,21,16,31,34,43,262,1036,2539,1969,1123,1286,665,470,637,173,9901
POA6063,15,5,92,44,24,20,25,25,3,261,0,0,0,0,0,0,0,4,0,12,0,10,16,9,6,3,11,5,0,60,8,12,25,10,14,9,16,17,21,127,298,658,827,543,469,257,244,305,75,3669
POA6064,45,11,168,87,73,52,32,72,7,540,0,0,0,0,3,0,7,9,0,22,5,7,9,11,12,0,13,15,7,86,6,13,51,24,19,20,37,74,51,301,536,1300,1581,1105,864,493,449,727,146,7202
POA6065,133,44,411,207,177,158,50,108,12,1307,0,0,0,0,0,6,3,3,0,20,27,46,27,41,23,13,23,14,12,231,36,29,71,40,59,41,39,55,67,434,2313,5043,4193,2338,2635,1220,845,1102,309,19994
POA6066,36,9,119,57,45,49,19,28,0,365,0,0,0,4,5,0,0,6,3,25,3,5,15,5,6,5,7,6,5,58,8,14,39,12,5,13,13,18,17,139,513,1013,1090,700,647,353,332,318,83,5051
POA6067,0,0,0,0,0,0,0,0,0,0,0,0,0,0,0,0,0,0,0,0,0,0,0,0,0,0,0,0,0,0,0,0,0,0,0,0,0,0,0,0,0,0,0,0,0,0,0,0,0,0
POA6068,0,0,0,0,0,0,0,0,0,0,0,0,0,0,0,0,0,0,0,0,0,0,0,0,0,0,0,0,0,0,0,0,0,0,0,0,0,0,0,0,0,0,0,0,0,0,0,0,0,0
POA6069,94,31,264,177,126,101,70,73,12,948,0,3,0,0,0,6,3,0,0,17,22,24,16,32,17,16,25,15,5,173,24,14,46,40,36,33,42,30,40,300,1399,2374,2535,1660,1569,786,809,674,169,11969
POA6070,8,3,9,13,6,0,4,4,0,40,0,0,0,0,0,0,0,0,0,0,4,0,3,0,0,0,0,0,3,17,3,0,3,0,0,3,0,0,3,17,218,557,155,114,114,50,28,29,21,1284
POA6071,3,0,14,5,3,4,0,0,0,31,0,0,0,0,0,0,0,0,0,0,0,3,3,3,0,0,0,0,3,8,3,6,3,5,0,3,0,0,0,20,177,407,190,139,121,46,39,48,12,1178
POA6072,3,0,5,0,0,0,0,0,0,15,0,0,0,0,0,0,0,0,0,0,0,0,0,0,0,0,0,0,0,0,0,0,3,0,3,0,0,0,3,12,34,80,60,30,27,10,7,11,4,272
POA6073,0,0,16,8,5,4,3,3,0,32,0,0,0,0,0,0,0,0,0,0,3,0,7,0,0,0,3,0,0,16,6,3,5,0,0,3,0,3,0,26,138,261,166,84,89,49,52,44,16,896
POA6074,3,3,0,3,3,0,0,0,0,22,0,0,0,0,0,0,0,0,0,0,3,0,0,0,4,0,0,0,0,7,0,0,3,0,0,0,0,0,0,9,35,87,76,36,38,13,14,11,4,320
POA6076,34,14,88,40,43,33,7,16,4,278,0,0,0,3,0,3,0,3,0,12,10,20,7,17,9,10,3,3,3,83,17,9,30,12,25,6,12,12,12,134,1035,2150,1184,661,811,325,220,259,86,6741
POA6077,3,0,5,3,3,0,0,0,0,19,0,0,0,0,0,0,0,0,0,0,0,0,0,0,0,0,0,0,0,3,3,3,3,0,3,0,0,0,5,17,73,86,85,38,59,23,21,17,7,403
POA6078,0,0,3,0,7,0,0,3,0,16,0,0,0,0,0,0,0,0,0,0,0,0,0,0,0,0,0,0,0,0,0,0,6,3,3,4,0,0,3,16,49,52,64,23,37,19,11,17,3,273
POA6079,0,0,0,0,0,0,0,0,0,0,0,0,0,0,0,0,0,0,0,0,0,0,0,0,0,0,0,0,0,0,0,0,0,0,0,0,0,0,0,0,3,0,0,0,3,0,0,0,0,3
POA6081,3,5,30,11,7,3,8,9,3,77,0,0,0,0,0,0,0,0,0,3,3,3,6,0,4,0,0,0,0,13,3,3,4,3,7,3,0,3,4,36,202,436,351,165,185,58,75,77,19,1580
POA6082,5,0,19,5,10,3,3,3,0,47,0,0,0,0,0,0,0,0,0,0,0,0,6,3,3,0,0,0,0,16,3,3,6,4,3,0,3,3,3,33,107,247,255,122,103,40,51,59,20,997
POA6083,5,3,14,7,7,3,3,3,0,49,0,0,0,0,0,0,0,0,0,0,0,4,0,4,3,3,0,0,0,16,0,0,13,6,7,3,7,3,3,43,182,254,268,124,120,49,52,66,28,1144
POA6084,16,4,38,20,27,12,16,14,0,145,0,0,0,0,0,0,0,0,0,3,3,8,0,4,8,0,9,0,0,37,8,5,26,9,14,9,14,16,10,121,291,435,603,237,310,107,173,189,41,2376
POA6090,0,0,0,0,0,0,0,0,0,0,0,0,0,0,0,0,0,0,0,0,0,0,0,0,0,0,0,0,0,0,0,0,0,0,0,0,0,0,0,0,0,0,0,0,0,0,0,0,0,0
POA6100,34,10,123,63,32,24,20,25,0,323,0,0,0,0,0,0,0,0,0,8,10,13,11,13,6,3,4,7,4,69,8,11,15,15,4,5,7,13,15,93,796,2099,811,591,642,335,181,348,77,5880
POA6101,26,9,152,53,34,37,12,29,3,351,0,0,0,3,0,3,0,4,0,11,18,16,9,9,8,4,0,5,3,73,12,8,20,12,9,8,5,17,22,102,765,2317,970,604,685,302,179,359,76,6246
POA6102,18,3,87,40,17,12,6,19,0,198,0,0,3,3,0,0,0,8,0,14,4,5,7,5,9,3,5,10,4,57,6,11,12,12,0,5,9,13,17,82,312,1147,572,475,361,267,202,396,50,3772
POA6103,23,6,98,44,21,13,23,24,0,251,0,0,0,0,3,0,0,0,0,11,3,7,7,3,3,0,7,12,3,50,7,5,11,9,12,0,4,20,13,80,410,1114,617,408,412,207,182,242,54,3652
POA6104,22,5,102,41,35,31,22,30,4,292,0,0,0,0,0,0,0,0,0,6,8,11,10,5,8,4,3,8,5,57,8,7,20,22,14,4,13,18,19,133,501,1126,897,526,523,246,264,288,77,4446
POA6105,30,7,105,49,30,28,18,32,0,303,0,0,3,0,0,0,0,0,0,6,3,3,8,10,12,4,10,8,0,56,5,8,18,15,13,10,16,14,7,107,400,988,893,534,520,244,253,331,54,4224
POA6106,0,0,0,0,0,0,0,0,0,0,0,0,0,0,0,0,0,0,0,0,0,0,0,0,0,0,0,0,0,0,0,0,0,0,0,0,0,0,0,0,0,0,3,0,0,0,0,0,0,6
POA6107,73,18,372,121,83,70,91,84,3,916,0,0,6,3,4,3,7,12,0,38,8,14,30,30,15,14,32,32,3,175,21,20,70,31,40,20,33,48,61,339,1171,3381,2554,1774,1635,858,901,1158,247,13672
POA6108,23,17,133,63,49,40,33,32,10,406,0,0,3,3,0,0,0,0,0,10,4,11,9,10,10,7,14,8,0,79,9,15,32,15,21,19,29,24,23,191,520,1419,1426,807,838,430,453,485,112,6487
POA6109,22,0,75,30,14,7,10,20,3,185,0,0,3,4,0,0,0,0,0,7,3,0,6,3,4,0,5,4,0,28,5,0,25,6,9,6,18,22,12,106,209,422,687,370,305,155,271,289,46,2750
POA6110,74,15,246,90,94,76,64,59,7,734,0,0,9,0,3,0,3,7,0,24,15,16,27,24,17,11,22,13,4,138,18,9,69,24,20,37,43,51,53,328,1014,2217,2387,1423,1375,684,743,771,186,10797
POA6111,36,8,95,56,54,44,29,42,0,367,3,0,3,0,0,0,7,3,0,17,7,10,11,11,13,5,15,3,0,72,22,6,29,13,20,14,14,23,22,160,671,1424,1366,825,793,358,404,445,95,6367
POA6112,85,23,336,142,114,125,101,86,7,1021,0,3,6,6,3,0,3,5,0,22,13,14,30,38,34,14,31,12,6,196,25,29,69,54,45,32,64,69,52,438,1565,3784,3516,2149,2113,1036,1200,1000,216,16594
POA6121,8,0,10,8,8,5,0,5,0,52,0,0,0,0,0,0,0,0,0,3,0,3,3,7,0,0,0,0,0,8,3,0,11,0,3,0,0,0,3,18,115,182,235,94,111,42,45,52,15,891
POA6122,34,8,124,56,59,41,39,40,0,412,0,0,0,0,0,0,0,0,0,3,8,3,17,8,8,5,17,4,3,63,9,7,19,10,9,12,21,12,20,125,482,907,1427,702,655,319,425,302,78,5281
POA6123,8,0,9,3,0,3,4,0,0,25,0,0,0,0,0,0,0,0,0,0,0,0,0,0,0,0,0,3,0,5,3,0,10,0,0,3,9,0,0,24,40,51,98,55,44,23,43,41,3,399
POA6124,3,3,4,3,0,0,0,4,0,22,0,0,0,0,0,0,0,0,0,0,0,0,0,0,0,0,3,0,0,10,0,3,0,6,0,0,0,0,0,12,42,88,73,42,37,17,25,29,3,348
POA6125,6,0,13,6,3,3,7,5,0,42,0,0,0,0,0,0,0,0,0,4,0,3,0,0,0,0,0,0,0,4,0,0,7,4,8,3,5,4,3,41,141,138,220,98,94,36,74,64,23,894
POA6126,0,0,0,0,0,0,0,0,0,0,0,0,0,0,0,0,0,0,0,0,0,0,0,0,0,0,0,0,0,0,3,0,0,0,0,0,0,0,0,7,17,14,20,12,11,3,3,0,0,70
POA6147,26,4,101,34,25,21,19,33,3,271,0,0,0,0,0,0,3,3,3,15,3,7,10,6,3,7,10,9,3,50,9,9,26,10,15,12,19,23,22,137,373,1131,840,535,532,274,285,355,75,4392
POA6148,25,3,80,33,35,24,8,19,5,227,0,0,6,0,0,0,0,0,0,8,10,16,6,5,10,3,6,3,0,63,7,5,6,6,9,7,9,8,10,76,765,2165,765,524,647,317,202,257,82,5726
POA6149,22,10,55,33,34,19,3,20,3,210,0,0,0,0,3,0,0,0,0,8,11,16,11,8,11,6,0,6,3,67,10,13,12,6,10,8,8,8,16,86,951,2605,770,527,807,329,161,271,72,6494
POA6150,13,3,42,26,22,15,8,18,0,145,0,0,0,0,0,0,0,0,0,6,5,11,9,8,4,3,0,0,0,42,4,3,5,4,10,3,0,3,17,53,653,1808,432,337,523,265,98,180,54,4350
POA6151,27,9,76,28,26,19,6,13,4,204,0,0,3,0,0,0,0,3,0,10,11,24,6,8,15,4,4,5,3,73,11,25,8,9,6,7,4,0,20,88,1161,2907,598,479,721,316,98,187,81,6545
POA6152,39,14,107,43,33,33,10,21,3,301,0,0,0,0,3,0,6,0,0,13,13,28,13,3,16,11,5,3,8,95,9,20,12,9,14,9,5,11,23,121,1398,3926,982,726,1100,514,185,333,111,9276
POA6153,37,7,69,52,21,26,7,13,0,230,0,0,0,3,0,0,3,0,0,7,16,27,5,10,6,9,0,3,0,71,9,22,13,8,9,5,0,15,14,91,1350,3154,644,494,853,412,107,178,106,7301
POA6154,9,4,38,23,18,10,4,5,3,123,3,0,0,0,0,0,0,0,0,4,12,7,4,3,7,4,3,0,0,44,5,12,10,8,7,4,3,0,13,64,573,1324,416,297,438,168,74,111,44,3430
POA6155,104,17,247,114,83,79,42,67,4,750,0,0,8,3,3,0,0,6,0,25,23,40,50,21,32,8,29,15,4,217,30,20,42,37,31,29,27,22,56,297,2032,5725,2552,1661,2113,942,698,807,211,16743
POA6156,37,7,74,35,39,24,6,18,3,239,0,0,0,0,0,0,0,0,0,3,12,18,6,11,13,0,3,3,4,74,7,13,24,9,14,7,3,11,18,106,1000,2119,738,492,668,282,135,216,79,5730
POA6157,27,10,65,28,25,28,3,10,3,198,0,0,0,0,0,3,0,0,0,5,5,10,9,6,5,3,4,3,5,55,11,16,13,3,8,7,5,3,10,77,762,1981,636,447,495,275,109,150,73,4930
POA6158,21,3,29,10,9,8,3,3,0,95,0,0,0,0,0,0,0,0,0,0,3,17,6,9,4,0,0,0,0,41,4,5,0,6,0,3,4,3,7,40,559,1294,289,216,274,138,42,60,37,2909
POA6159,4,8,18,0,0,3,0,3,0,36,0,0,0,0,0,0,0,0,0,4,4,3,0,0,0,0,0,0,0,12,6,4,0,0,0,0,0,3,3,15,263,669,92,83,109,57,15,21,25,1333
POA6160,14,6,52,25,8,9,7,17,0,134,0,3,0,0,0,0,0,0,0,3,11,22,3,3,0,6,3,3,0,51,8,10,5,7,5,3,3,3,8,53,451,1474,321,280,260,136,79,113,35,3160
POA6161,3,0,9,0,0,0,0,0,0,10,0,0,0,0,0,0,0,0,0,0,0,0,0,0,0,0,0,0,0,0,0,0,0,0,0,0,0,0,0,0,15,6,17,10,0,0,0,3,0,50
POA6162,23,3,54,20,15,11,0,12,0,146,0,0,0,3,0,0,0,0,0,5,14,24,4,4,8,3,0,3,5,69,6,14,10,8,3,3,4,11,19,78,604,1717,516,339,361,174,86,142,67,4004
POA6163,95,33,363,134,76,92,39,70,10,905,0,0,10,3,5,6,4,11,0,37,23,33,34,27,16,8,6,14,4,170,36,42,86,51,40,36,22,51,65,439,1851,5038,3164,1793,1763,872,610,956,252,16288
POA6164,122,43,386,168,180,138,71,101,13,1214,0,0,6,3,0,4,0,6,0,22,22,32,40,34,25,6,14,13,13,205,41,28,85,30,51,33,47,57,64,437,2272,5514,4010,2031,2575,1023,914,991,294,19615
POA6165,0,0,4,0,0,0,0,0,0,4,0,0,0,0,0,0,0,0,0,0,0,0,0,0,0,0,0,0,0,0,0,0,0,0,0,0,0,0,0,0,3,0,5,0,4,0,3,0,0,23
POA6166,23,0,63,29,24,21,6,20,3,199,0,0,0,0,0,0,0,0,0,5,0,5,3,0,3,4,9,0,3,34,6,11,19,9,12,4,7,14,12,78,412,747,720,296,364,171,132,154,58,3042
POA6167,44,11,158,67,63,53,41,46,9,491,3,0,0,0,0,0,0,3,0,7,6,13,9,8,4,6,11,9,8,76,11,12,45,23,15,29,49,40,24,238,530,1224,1478,919,752,393,485,497,126,6399
POA6168,32,6,142,90,36,34,35,48,3,420,0,0,0,0,0,3,0,0,0,9,10,7,12,5,13,0,11,3,0,65,8,8,30,34,8,19,30,27,29,192,496,881,1500,917,566,319,382,425,99,5593
POA6169,60,14,194,78,48,63,42,51,9,549,0,0,0,0,0,0,4,0,0,15,20,10,26,10,16,8,11,10,4,116,12,23,57,30,15,20,28,46,47,272,820,1772,2327,1258,918,524,547,678,170,9011
POA6170,24,10,123,44,37,29,25,36,3,316,0,3,0,0,0,0,0,0,0,5,6,4,6,11,8,3,13,0,0,54,7,5,18,3,9,10,20,17,12,99,342,944,881,533,497,264,281,294,64,4105
POA6171,72,18,247,110,100,89,53,56,5,743,0,3,0,0,0,0,3,0,0,13,5,14,17,17,16,5,24,11,8,109,28,19,34,32,15,16,25,30,32,228,945,1935,2433,1344,1104,533,607,520,138,9555
POA6172,28,4,84,50,27,29,7,32,3,275,0,0,0,3,0,4,0,0,0,7,9,4,10,10,7,0,3,6,4,56,8,10,23,14,11,10,9,18,9,104,370,621,885,570,380,248,220,275,64,3638
POA6173,27,8,79,41,35,29,12,13,3,246,0,0,0,0,0,0,0,0,0,5,9,3,3,8,4,0,5,4,6,48,6,6,17,6,20,3,14,6,14,95,481,826,962,518,422,216,172,176,68,3838
POA6174,8,0,30,11,14,6,4,4,0,78,0,0,0,0,0,0,0,0,0,3,5,0,3,0,0,0,0,0,0,11,3,3,4,0,6,9,3,5,5,36,100,236,313,149,130,63,61,64,26,1134
POA6175,5,5,29,14,8,6,0,3,0,64,0,0,0,0,0,0,0,0,0,0,0,6,3,0,0,0,4,3,3,18,3,7,3,4,0,3,0,4,4,25,119,265,290,145,115,44,58,66,16,1107
POA6176,0,3,7,10,4,3,3,0,0,30,0,0,0,0,0,0,0,0,0,4,0,0,0,0,0,0,0,0,0,0,3,0,0,0,0,0,4,6,0,16,40,69,109,57,57,32,27,39,5,441
POA6180,16,3,42,25,22,14,5,5,0,136,0,0,0,0,0,0,0,0,0,0,0,6,4,0,0,0,3,0,0,11,3,0,8,0,4,0,3,6,0,25,143,279,388,218,174,93,107,104,21,1525
POA6181,0,0,3,0,3,0,0,0,0,4,0,0,0,0,0,0,0,0,0,0,0,3,0,0,0,0,0,0,0,5,0,0,0,0,0,0,0,0,0,0,28,26,43,18,21,11,13,11,4,162
POA6182,0,0,0,0,0,0,0,0,0,0,0,0,0,0,0,0,0,0,0,0,0,0,0,0,0,0,0,0,0,0,0,0,0,0,0,0,0,0,0,0,0,0,0,0,0,0,0,0,0,0
POA6207,3,0,5,3,0,0,4,8,0,20,0,0,0,0,0,0,0,0,0,3,0,0,0,0,0,0,0,0,0,0,0,0,0,0,0,0,3,3,3,14,41,43,86,36,23,14,24,19,12,286
POA6208,11,8,58,19,17,14,19,15,6,166,0,0,0,0,0,3,0,0,0,3,3,3,6,3,3,3,6,3,0,30,8,6,25,11,9,6,13,4,13,93,224,408,669,297,228,135,223,181,52,2416
POA6209,4,0,11,9,0,3,0,3,0,24,0,0,0,0,0,0,0,0,0,0,4,0,0,0,0,0,0,0,0,7,0,0,3,0,5,0,8,0,0,22,42,69,103,47,34,23,35,28,8,381
POA6210,110,20,398,170,108,128,97,112,24,1181,0,0,3,3,7,3,8,3,0,26,19,34,28,18,10,16,24,15,3,166,28,33,79,52,47,42,55,54,53,432,1581,3329,3807,2177,1542,1052,1100,1139,256,15988
POA6211,18,0,35,18,13,8,7,12,3,114,0,0,0,0,0,0,0,0,0,0,0,0,4,3,0,0,6,0,3,22,0,0,7,4,8,3,4,13,12,52,177,347,463,199,186,99,129,128,25,1748
POA6213,0,0,0,3,0,0,0,0,0,7,0,0,0,0,0,0,0,0,0,0,0,0,0,0,0,0,0,0,0,0,7,0,0,0,0,0,3,0,0,10,23,31,30,15,13,6,19,20,0,149
POA6214,0,0,3,0,0,0,3,0,0,11,0,0,0,0,0,0,0,0,0,0,0,0,0,0,0,0,0,0,0,4,3,0,0,0,0,0,0,3,3,13,25,20,45,14,19,5,17,11,7,172
POA6215,3,0,21,9,4,3,10,8,0,57,0,0,0,0,0,0,0,0,0,3,0,0,0,0,0,0,0,0,0,3,3,4,10,10,3,0,11,15,7,67,85,123,283,126,79,31,89,75,15,899
POA6218,0,0,0,0,0,0,0,3,0,3,0,0,0,0,0,0,0,0,0,0,0,0,0,0,0,0,0,0,0,0,0,0,0,0,0,0,3,0,0,5,7,5,19,11,3,3,10,11,3,77
POA6220,8,0,24,11,4,3,9,17,0,70,0,0,0,0,0,0,0,0,0,3,3,0,3,0,0,0,0,3,0,16,4,4,13,5,3,5,3,13,8,62,132,138,275,106,97,41,92,215,22,1119
POA6221,0,0,4,0,0,0,0,0,0,5,0,0,0,0,0,0,0,0,0,0,0,0,0,0,0,0,0,0,0,0,0,0,0,0,0,0,0,0,0,0,13,19,9,6,6,4,0,6,0,73
POA6223,0,0,0,0,4,0,0,0,0,3,0,0,0,0,0,0,0,0,0,0,0,0,0,0,0,0,0,0,0,0,3,0,0,0,0,0,0,0,0,5,17,13,11,6,10,3,0,8,3,70
POA6224,0,0,8,0,0,0,3,3,0,18,0,0,0,0,0,0,0,0,0,0,0,0,0,0,0,0,0,0,0,0,0,0,3,0,0,4,0,8,0,19,30,30,71,33,27,13,21,25,5,256
POA6225,5,0,40,22,7,9,18,15,5,126,0,0,0,0,0,0,0,0,3,6,0,7,0,3,0,0,3,0,3,27,7,0,22,7,6,12,24,24,5,101,150,275,659,259,179,75,240,147,33,2016
POA6226,4,0,3,0,0,0,0,0,0,11,0,0,0,0,0,0,0,0,0,0,3,0,0,0,0,0,0,0,0,3,0,3,0,0,0,0,0,3,0,3,49,54,81,17,27,13,10,12,0,278
POA6227,0,0,0,0,0,0,0,0,0,9,0,0,0,0,0,0,0,0,0,0,0,0,0,0,0,0,0,0,0,0,0,0,0,0,0,0,0,0,0,3,39,47,55,19,23,9,12,15,4,228
POA6228,0,0,4,0,0,0,0,0,0,4,0,0,0,0,0,0,0,0,0,0,0,0,0,0,0,0,0,0,0,0,0,0,0,0,0,0,0,0,0,0,3,6,10,0,5,0,4,0,0,38
POA6229,0,0,0,0,0,0,0,0,0,3,0,0,0,0,0,0,0,0,0,0,0,0,0,0,0,0,0,0,0,0,0,0,3,0,0,0,0,0,0,3,3,6,10,0,0,7,3,3,0,30
POA6230,56,16,261,102,87,64,40,116,5,747,0,0,0,4,0,3,0,8,0,14,12,35,36,16,18,7,18,10,3,153,26,15,57,40,26,30,36,67,53,342,1210,3169,2697,1458,1238,694,719,1018,170,12360
POA6232,17,3,76,34,16,31,24,22,0,220,0,0,0,0,0,0,0,0,0,0,7,5,5,9,4,0,7,3,0,36,4,0,14,3,3,5,9,16,10,64,216,489,821,373,321,201,235,206,46,2905
POA6233,21,7,91,42,39,40,39,36,7,318,0,0,0,0,0,0,0,4,0,7,8,10,12,0,3,6,14,9,3,65,10,9,31,6,17,13,19,28,21,145,499,1119,1368,609,555,310,387,384,81,5309
POA6236,4,0,9,0,5,4,0,8,0,32,0,0,0,0,0,0,0,0,0,0,0,0,0,0,0,0,0,0,0,0,8,0,3,3,3,0,3,0,0,30,118,151,132,68,58,30,54,45,3,662
POA6237,4,0,7,3,3,7,0,3,0,29,0,0,0,0,0,0,0,0,0,0,0,3,5,0,0,3,0,0,0,14,10,0,5,8,4,0,4,3,0,40,106,163,182,85,105,44,53,66,13,807
POA6239,8,3,11,5,9,6,6,13,0,61,0,0,0,0,0,0,0,0,0,0,3,0,0,3,0,0,0,0,0,8,9,5,10,7,7,5,11,9,4,66,159,239,231,114,114,57,91,97,17,1123
POA6240,0,0,0,0,0,0,0,0,0,0,0,0,0,0,0,0,0,0,0,0,0,0,0,0,0,0,0,0,0,0,0,0,0,0,0,0,0,0,0,0,7,8,8,0,3,3,0,3,0,40
POA6243,0,0,0,0,0,0,0,0,0,0,0,0,0,0,0,0,0,0,0,0,0,0,0,0,0,0,0,0,0,0,0,0,0,0,0,0,0,0,0,0,3,3,3,0,0,0,0,3,0,12
POA6244,3,0,4,0,0,0,0,0,0,14,0,0,0,0,0,0,0,0,0,0,0,0,0,0,0,0,0,0,0,4,3,0,0,0,0,0,0,3,0,10,114,51,46,27,32,16,14,37,6,335
POA6251,0,0,3,0,0,0,0,3,0,8,0,0,0,0,0,0,0,0,0,0,0,0,0,0,0,0,0,0,0,0,3,0,0,0,0,0,0,0,0,8,27,10,17,12,10,4,4,16,0,89
POA6252,0,0,0,0,0,0,0,0,0,4,0,0,0,0,0,0,0,0,0,0,0,0,0,0,0,0,0,0,0,0,0,0,0,0,0,0,0,0,0,3,9,3,3,4,7,3,6,9,0,34
POA6253,3,0,0,0,0,0,0,0,0,9,0,0,0,0,0,0,0,0,0,0,0,0,0,0,0,0,0,0,0,0,3,0,3,0,0,0,3,0,0,6,34,36,23,23,14,7,10,19,0,169
POA6254,0,0,6,0,0,0,0,0,0,7,0,0,0,0,0,0,0,0,0,0,0,0,0,0,0,0,0,0,0,3,0,0,3,0,0,0,0,3,0,11,12,14,32,11,6,7,11,15,0,104
POA6255,8,0,22,8,3,7,8,8,0,56,0,0,0,0,0,0,0,0,0,3,3,3,0,3,3,0,0,0,0,10,9,0,9,3,3,5,6,4,3,47,139,214,212,120,85,61,84,80,12,1014
POA6256,0,0,0,3,0,0,0,0,0,4,0,0,0,0,0,0,0,0,0,0,0,0,0,0,0,0,0,0,0,0,6,0,0,0,0,0,0,4,5,13,27,31,32,18,9,5,8,13,3,137
POA6258,13,3,33,14,15,9,8,10,0,103,0,0,0,0,0,0,0,3,0,6,0,3,3,0,0,0,0,3,0,16,12,3,18,5,3,8,19,18,0,88,244,327,333,173,159,83,105,134,19,1574
POA6260,5,0,11,0,0,3,0,4,0,24,0,0,0,0,0,0,0,0,0,0,0,0,0,0,0,0,0,0,0,5,5,0,0,3,3,3,0,10,7,22,88,62,44,34,27,18,15,51,10,341
POA6262,0,0,0,5,0,0,0,3,0,14,0,0,0,0,0,0,0,0,0,0,0,0,0,0,0,0,0,0,0,0,0,0,0,0,0,0,0,3,0,8,46,22,23,20,13,5,9,21,3,168
POA6271,4,0,14,3,3,0,3,10,0,40,0,0,0,0,0,0,0,0,0,0,0,0,0,3,0,0,0,0,0,10,6,7,3,3,0,3,4,3,0,33,83,202,192,101,88,46,48,90,14,869
POA6275,3,0,3,0,0,0,0,7,0,20,0,0,0,0,0,0,0,0,0,0,0,0,0,0,0,0,0,0,0,0,0,0,0,3,0,0,0,0,0,6,70,62,47,38,24,25,15,26,5,299
POA6280,86,15,209,75,43,43,41,71,5,597,3,0,3,0,0,3,0,3,0,13,12,13,9,7,4,4,8,3,0,64,27,10,42,18,27,26,18,36,29,230,946,1532,1645,945,785,482,406,591,97,7429
POA6281,29,0,92,28,21,8,15,17,6,216,0,0,0,0,0,0,0,0,0,0,3,3,3,3,3,7,4,0,0,21,8,7,19,7,3,11,12,6,7,67,339,576,542,264,220,185,106,184,30,2442
POA6282,4,0,9,3,3,3,0,3,0,23,0,0,0,0,0,0,0,0,0,0,0,0,0,3,0,0,0,0,0,9,0,0,0,4,0,4,0,3,0,13,92,136,81,33,27,32,15,27,0,450
POA6284,15,0,18,8,6,0,3,4,0,54,0,0,0,0,0,0,0,0,0,0,0,3,0,0,0,0,0,0,0,3,7,0,0,3,0,0,0,6,3,20,137,165,158,61,73,37,27,85,9,752
POA6285,46,4,127,38,15,29,19,33,5,303,0,0,0,0,0,0,0,0,0,3,6,6,0,4,3,3,0,9,3,29,11,5,17,12,6,17,10,11,14,102,451,718,664,364,235,235,134,329,46,3184
POA6286,0,0,6,0,4,0,0,0,0,13,0,0,0,0,0,0,0,0,0,0,0,0,0,0,0,0,0,0,0,3,5,0,0,0,0,0,0,0,0,10,46,59,37,24,20,10,3,26,3,224
POA6288,0,0,0,3,0,0,0,0,0,7,0,0,0,0,0,0,0,0,0,0,0,0,0,0,0,0,0,0,0,0,3,0,0,0,0,0,0,0,0,8,51,29,22,12,15,0,8,18,0,152
POA6290,0,0,12,5,0,6,3,6,0,31,0,0,0,0,0,0,0,0,0,0,0,0,0,0,0,0,0,0,0,0,0,0,0,0,4,3,0,3,3,15,49,49,79,54,33,39,17,46,7,366
POA6302,3,0,13,3,3,6,7,3,0,45,3,0,0,0,0,0,0,0,0,3,4,3,0,0,3,0,0,0,0,10,11,0,8,0,0,0,0,4,3,26,143,179,135,106,87,42,45,68,7,808
POA6304,3,0,3,0,4,3,0,0,0,16,0,0,0,0,0,0,0,0,0,0,0,3,0,0,3,0,0,0,0,5,8,0,0,5,0,0,3,3,0,17,83,59,71,38,39,13,29,29,0,362
POA6306,3,0,3,0,0,0,0,0,0,12,0,0,0,0,0,0,0,0,0,0,0,0,0,0,0,0,0,0,0,3,0,0,0,0,0,0,0,0,0,8,53,32,19,23,16,7,12,22,11,197
POA6308,4,0,3,0,0,0,4,0,0,17,0,0,0,0,3,0,0,0,0,4,0,0,0,0,0,0,0,0,0,3,3,0,5,0,3,0,3,3,3,23,84,42,46,38,31,6,29,28,11,312
POA6309,0,0,0,0,0,0,0,0,0,0,0,0,0,0,0,0,0,0,0,0,0,0,0,0,0,0,0,0,0,0,0,0,0,0,0,0,0,0,0,3,15,13,9,5,6,0,3,5,0,54
POA6311,0,0,0,0,0,0,0,0,0,4,0,0,0,0,0,0,0,0,0,0,0,0,0,0,0,0,0,0,0,0,0,3,3,0,0,0,0,0,0,7,30,26,30,11,8,3,8,10,0,128
POA6312,8,4,16,10,9,3,3,12,0,63,0,3,0,0,0,0,0,0,0,5,0,0,0,4,0,0,0,0,0,3,4,7,13,6,3,12,4,8,6,66,158,303,234,192,96,78,50,106,12,1230
POA6313,0,0,0,0,0,0,0,3,0,4,0,0,0,0,0,0,0,0,0,0,0,0,0,0,0,0,0,0,0,0,0,0,0,0,0,0,0,0,0,3,11,16,14,4,5,0,8,10,0,65
POA6315,3,0,5,3,0,0,4,0,0,14,0,0,0,0,0,0,0,0,0,0,3,0,0,0,0,0,0,0,0,3,11,0,0,0,3,0,0,0,3,21,108,76,62,44,31,16,21,37,6,396
POA6316,3,0,0,0,0,0,0,0,0,4,0,0,0,0,0,0,0,0,0,0,0,0,0,0,0,0,0,0,0,0,0,0,0,0,0,0,0,0,0,3,22,13,9,5,9,7,5,5,0,83
POA6317,3,0,17,5,9,3,3,10,0,54,0,0,0,0,0,0,0,0,0,8,0,3,0,0,0,0,0,0,0,9,3,0,8,5,0,0,5,22,6,58,128,201,186,101,66,42,42,123,13,895
POA6318,4,0,0,0,0,0,0,0,0,11,0,0,0,0,0,0,0,0,0,0,0,0,0,0,0,0,0,0,0,0,0,0,0,0,0,0,0,0,3,11,41,18,26,13,21,4,3,10,3,139
POA6320,0,0,0,0,0,0,0,0,0,3,0,0,0,0,0,0,0,0,0,0,0,0,0,0,0,0,0,0,0,0,0,0,0,3,0,0,0,0,0,6,39,17,13,19,14,0,10,9,3,111
POA6321,4,0,0,0,0,0,0,0,0,7,0,0,0,0,0,0,0,0,0,0,0,0,0,0,0,0,0,0,0,0,0,0,0,0,0,0,3,0,0,3,43,12,9,13,9,7,5,12,0,113
POA6322,0,0,0,0,0,0,0,0,0,3,0,0,0,0,0,0,0,0,0,0,0,0,0,0,0,0,0,0,0,0,0,0,0,0,0,0,0,0,0,4,22,3,8,4,3,0,3,3,0,47
POA6323,0,0,3,0,0,3,0,3,0,11,0,0,0,0,0,0,0,0,0,0,0,0,0,0,0,0,0,0,0,0,0,0,0,0,3,0,3,0,0,12,42,38,25,34,25,11,14,31,0,217
POA6324,9,0,16,4,5,8,3,3,0,41,0,0,0,0,0,0,0,0,0,0,0,0,0,3,0,0,0,0,0,7,9,0,5,3,0,0,5,6,0,35,165,142,147,101,101,44,42,85,11,843
POA6326,3,0,3,0,0,3,0,0,0,11,0,0,0,0,0,0,0,0,0,0,0,0,0,0,0,0,0,0,0,0,4,0,0,0,0,0,0,0,0,6,34,26,16,8,7,8,6,13,0,125
POA6327,0,0,0,0,0,0,0,0,0,6,0,0,0,0,0,0,0,0,0,0,0,0,0,0,0,0,0,0,0,0,0,0,0,0,0,0,0,3,0,3,22,5,18,6,5,5,3,9,0,72
POA6328,0,0,0,0,0,0,0,0,0,3,0,0,0,0,0,0,0,0,0,0,0,0,0,0,0,0,0,0,0,0,4,0,0,0,0,0,0,0,0,8,52,8,9,9,10,3,6,12,0,110
POA6330,65,16,201,82,63,56,35,67,3,580,0,0,0,3,0,4,0,3,0,10,11,22,19,20,12,3,13,16,3,114,26,27,43,43,36,26,37,44,38,311,1175,2357,1891,1474,1027,583,472,777,141,9901
POA6333,17,0,41,13,9,3,4,11,0,95,0,0,0,0,0,0,0,0,0,3,0,3,3,3,3,0,3,3,0,21,9,4,9,3,4,3,7,17,4,52,260,444,278,171,163,92,47,142,14,1612
POA6335,0,0,0,3,0,0,0,0,0,5,0,0,0,0,0,0,0,0,0,0,0,0,0,0,0,0,0,0,0,3,3,0,0,0,0,0,0,3,0,5,50,24,44,17,19,5,8,24,0,195
POA6336,0,0,0,0,0,0,0,0,0,0,0,0,0,0,0,0,0,0,0,0,0,0,0,0,0,0,0,0,0,0,0,0,0,0,0,0,0,0,0,0,33,3,4,0,6,0,4,17,0,71
POA6337,0,0,0,0,0,0,0,0,0,0,0,0,0,0,0,0,0,0,0,0,0,0,0,0,0,0,0,0,0,0,0,0,3,0,0,0,0,0,0,6,55,18,30,7,8,0,13,12,0,143
POA6338,3,0,4,0,0,0,0,0,0,11,0,0,0,0,0,0,0,0,0,0,0,0,0,0,0,0,0,0,0,0,0,0,0,0,0,0,0,0,0,0,91,29,29,10,18,3,6,24,7,208
POA6341,0,0,0,0,0,0,0,3,0,3,0,0,0,0,0,0,0,0,0,0,0,0,0,0,0,0,0,0,0,0,0,0,0,0,0,0,0,0,0,3,28,7,6,4,5,7,0,12,0,69
POA6343,0,0,0,0,0,0,0,0,0,0,0,0,0,0,0,0,0,0,0,0,0,0,0,0,0,0,0,0,0,0,0,0,0,0,0,0,0,0,0,0,45,9,6,4,3,0,4,7,0,71
POA6346,0,0,0,0,0,0,0,0,0,3,0,0,0,0,0,0,0,0,0,0,0,0,0,0,0,0,0,0,0,0,5,0,0,0,0,0,3,4,0,19,65,27,33,11,20,6,25,24,0,211
POA6348,0,0,0,0,0,0,0,0,0,11,0,0,0,0,0,0,0,0,0,0,0,0,0,0,0,0,0,0,0,3,0,0,0,0,0,0,4,3,0,5,22,27,62,20,17,10,19,12,3,192
POA6350,0,0,0,0,3,0,0,0,0,3,0,0,0,0,0,0,0,0,0,0,0,0,0,0,0,0,0,0,0,0,0,0,0,0,0,0,0,0,0,0,15,8,9,11,6,0,3,4,0,54
POA6351,0,0,0,0,0,0,0,0,0,0,0,0,0,0,0,0,0,0,0,0,0,0,0,0,0,0,0,0,0,0,0,0,0,0,0,0,0,0,0,0,14,3,0,0,5,0,0,0,0,22
POA6352,0,0,0,0,0,0,0,0,0,0,0,0,0,0,0,0,0,0,0,0,0,0,0,0,0,0,0,0,0,0,0,0,0,0,0,0,0,0,0,0,14,14,3,7,5,0,0,3,0,43
POA6353,7,0,0,4,3,0,0,0,0,12,0,0,0,0,0,0,0,0,0,0,0,0,0,0,0,0,0,0,0,3,4,0,0,0,0,0,3,0,0,7,60,30,55,20,21,10,13,16,4,229
POA6355,0,0,0,0,0,0,0,0,0,4,0,0,0,0,0,0,0,0,0,0,0,0,0,0,0,0,0,0,0,0,3,0,0,0,0,0,0,0,0,10,61,13,6,3,15,3,9,12,0,116
POA6356,0,0,0,0,0,0,0,0,0,0,0,0,0,0,0,0,0,0,0,0,0,0,0,0,0,0,0,0,0,0,0,0,0,0,0,0,0,0,0,0,17,4,0,0,3,0,3,3,0,34
POA6357,0,0,0,0,0,0,0,0,0,0,0,0,0,0,0,0,0,0,0,0,0,0,0,0,0,0,0,0,0,0,0,0,0,0,0,0,0,0,0,0,9,4,0,0,0,0,0,4,0,17
POA6358,0,0,0,0,0,0,0,0,0,0,0,0,0,0,0,0,0,0,0,0,0,0,0,0,0,0,0,0,0,0,0,0,0,0,0,0,0,0,0,3,7,0,0,0,3,0,3,9,0,27
POA6359,0,0,0,0,0,0,0,0,0,6,0,0,0,0,0,0,0,0,0,0,0,0,0,0,0,0,0,0,0,0,0,0,0,0,0,0,0,3,0,6,37,13,24,11,9,4,14,14,0,127
POA6361,0,0,0,0,0,0,0,0,0,0,0,0,0,0,0,0,0,0,0,0,0,0,0,0,0,0,0,0,0,0,0,0,0,0,0,0,0,0,3,4,18,3,0,3,6,0,0,4,3,32
POA6363,0,0,0,0,0,0,0,0,0,0,0,0,0,0,0,0,0,0,0,0,0,0,0,0,0,0,0,0,0,0,0,0,0,0,0,0,0,3,0,3,8,4,0,0,0,0,0,9,0,22
POA6365,0,0,3,0,0,0,0,0,0,11,0,0,0,0,0,0,0,0,0,0,0,0,0,0,0,0,0,0,0,0,0,0,0,0,0,0,0,0,0,3,46,24,20,10,9,8,13,7,3,135
POA6367,0,0,0,0,0,0,0,0,0,3,0,0,0,0,0,0,0,0,0,0,0,0,0,0,0,0,0,0,0,0,4,0,0,0,0,0,0,0,0,3,39,10,16,13,4,4,3,5,0,91
POA6368,0,0,0,0,0,0,0,0,0,0,0,0,0,0,0,0,0,0,0,0,0,0,0,0,0,0,0,0,0,0,0,0,0,0,0,0,0,0,0,0,5,0,0,0,0,0,0,0,0,13
POA6369,0,0,7,0,0,0,0,0,0,5,0,0,0,0,0,0,0,0,0,3,0,0,0,0,0,0,0,0,0,0,0,0,0,0,0,0,3,4,0,9,37,27,20,8,9,3,6,13,4,127
POA6370,0,0,0,0,0,0,0,0,0,0,0,0,0,0,0,0,0,0,0,0,0,0,0,0,0,0,0,0,0,0,0,0,0,0,0,0,0,0,4,12,31,15,7,13,7,7,13,10,3,100
POA6372,0,0,0,0,0,0,0,0,0,0,0,0,0,0,0,0,0,0,0,0,0,0,0,0,0,0,0,0,0,0,0,0,0,0,0,0,0,0,0,0,12,0,6,0,0,0,0,4,0,25
POA6373,0,0,0,0,0,0,0,0,0,3,0,0,0,0,0,0,0,0,0,0,0,0,0,0,0,0,0,0,0,0,0,0,0,0,0,0,0,0,0,0,7,0,0,0,3,0,0,0,0,23
POA6375,0,0,3,0,0,0,0,0,0,11,0,0,0,0,0,0,0,0,0,0,0,0,0,0,0,0,0,0,0,0,0,0,0,0,0,0,3,4,0,12,53,48,36,19,27,13,18,19,0,218
POA6383,0,0,0,3,0,0,0,3,0,9,0,0,0,0,0,0,0,0,0,0,3,0,0,0,0,0,0,0,0,3,0,0,0,3,0,3,0,3,0,13,43,33,22,21,10,5,12,24,0,163
POA6384,0,0,0,0,0,0,0,0,0,0,0,0,0,0,0,0,0,0,0,0,0,0,0,0,0,0,0,0,0,0,0,0,4,0,0,0,0,0,0,4,6,0,3,0,3,0,0,0,0,16
POA6385,0,0,0,0,0,0,0,0,0,0,0,0,0,0,0,0,0,0,0,0,0,0,0,0,0,0,0,0,0,0,0,0,0,0,0,0,0,0,0,0,0,0,0,0,0,0,0,4,0,3
POA6386,0,0,0,0,0,0,0,0,0,0,0,0,0,0,0,0,0,0,0,0,0,0,0,0,0,0,0,0,0,0,0,0,0,0,0,0,0,0,0,0,13,0,0,4,0,0,0,3,0,24
POA6390,0,0,8,0,7,0,4,0,0,20,0,0,0,0,0,0,0,0,0,0,0,0,0,0,3,0,5,0,0,8,4,0,8,0,0,3,9,4,3,33,59,89,133,37,45,9,78,21,10,486
POA6391,0,0,9,0,5,0,0,0,0,12,0,0,0,0,0,0,0,0,0,0,0,0,0,0,0,0,0,0,0,0,10,0,0,3,0,0,0,0,0,14,90,54,28,24,26,6,18,31,5,280
POA6392,0,0,0,3,0,0,0,0,0,4,0,0,0,0,0,0,0,0,0,0,0,0,0,0,0,0,0,0,0,0,0,0,0,3,0,0,0,0,0,8,36,15,15,16,11,3,5,6,3,112
POA6393,0,0,0,0,0,0,0,0,0,3,0,0,0,0,0,0,0,0,0,0,0,0,0,0,0,0,0,0,0,0,4,0,0,0,0,0,0,3,0,3,21,0,0,0,3,0,0,3,0,30
POA6394,3,0,0,0,0,0,0,0,0,5,0,0,0,0,0,0,0,0,0,0,0,0,0,0,0,0,0,0,0,0,0,0,0,0,0,0,0,0,0,3,50,18,16,3,9,3,3,21,4,132
POA6395,6,0,4,0,3,0,4,6,0,22,0,0,0,0,0,0,0,0,0,3,0,0,0,0,0,0,0,0,0,4,8,0,6,0,3,3,3,5,0,25,131,79,60,36,26,21,26,41,4,430
POA6396,0,0,3,0,0,0,0,0,0,5,0,0,0,0,0,0,0,0,0,0,0,0,0,0,0,0,0,0,0,0,0,0,0,0,0,0,0,0,0,3,37,9,11,7,7,4,3,26,0,99
POA6397,0,0,0,0,0,0,0,0,0,0,0,0,0,0,0,0,0,0,0,0,0,0,0,0,0,0,0,0,0,0,0,0,0,0,0,0,0,0,0,0,10,0,0,0,0,0,0,3,0,18
POA6398,0,0,3,0,0,3,0,3,0,13,0,0,0,0,0,0,0,0,0,0,0,0,0,0,0,0,0,0,0,0,0,0,0,0,0,0,0,0,0,3,26,19,18,14,12,7,3,16,0,121
POA6401,10,0,29,18,6,15,4,10,0,87,0,0,0,0,0,0,0,0,0,3,4,5,3,3,3,0,0,0,0,22,11,10,16,14,17,11,5,20,3,95,243,376,343,235,189,94,83,139,22,1729
POA6403,0,0,0,0,0,0,0,0,0,3,0,0,0,0,0,0,0,0,0,0,0,0,0,0,0,0,0,0,0,4,0,0,0,0,0,0,0,0,0,0,8,7,4,3,7,0,7,8,0,35
POA6405,0,0,3,3,0,0,0,0,0,9,0,0,0,0,0,0,0,0,0,0,0,0,0,0,0,0,0,0,0,0,0,0,0,0,0,0,3,0,0,3,10,7,10,9,4,3,4,3,0,59
POA6407,4,0,0,0,0,0,0,0,0,5,0,0,0,0,0,0,0,0,0,0,0,3,0,0,0,0,0,0,0,3,0,0,0,0,0,0,0,0,0,5,59,45,55,26,23,11,8,27,3,257
POA6409,0,0,0,0,0,0,0,3,0,3,0,0,0,0,0,0,0,0,0,0,0,0,0,0,0,0,0,0,0,0,0,0,0,0,0,0,0,3,0,4,26,11,8,4,8,3,3,9,0,81
POA6410,0,0,4,0,0,0,0,3,0,7,0,0,0,0,0,0,0,0,0,0,0,0,0,0,0,0,0,0,0,3,0,0,3,5,0,0,4,5,3,17,38,27,40,34,14,0,16,21,6,201
POA6411,0,0,0,0,0,0,0,0,0,3,0,0,0,0,0,0,0,0,0,0,0,0,0,0,0,0,0,0,0,0,0,0,0,0,0,0,0,0,0,3,17,5,9,0,3,0,0,0,0,39
POA6412,0,0,0,0,0,0,0,0,0,0,0,0,0,0,0,0,0,0,0,0,0,0,0,0,0,0,0,0,0,0,0,0,0,0,0,0,0,0,0,0,6,4,0,0,0,0,0,0,0,17
POA6413,0,0,0,0,0,0,0,0,0,0,0,0,0,0,0,0,0,0,0,0,0,0,0,0,0,0,0,0,0,0,0,0,0,0,0,0,0,0,0,0,5,8,0,0,0,0,0,0,0,14
POA6414,0,0,0,0,0,0,0,0,0,0,0,0,0,0,0,0,0,0,0,0,0,0,0,0,0,0,0,0,0,0,0,0,0,0,0,0,0,0,0,0,4,3,0,0,3,0,3,0,0,18
POA6415,3,0,9,5,4,7,3,3,0,33,0,0,0,0,0,3,0,0,0,3,0,0,0,3,0,0,3,0,0,6,0,0,7,3,3,3,10,8,3,32,108,153,158,68,65,35,68,53,8,715
POA6418,0,0,3,3,3,0,0,0,0,10,0,0,0,0,0,0,0,0,0,0,0,0,0,0,0,0,0,0,0,0,0,0,4,0,0,0,0,0,0,5,44,30,29,21,13,6,7,8,0,163
POA6419,0,0,0,0,0,0,0,0,0,0,0,0,0,0,0,0,0,0,0,0,0,0,0,0,0,0,0,0,0,0,0,0,0,0,0,0,0,0,0,0,5,3,0,0,0,0,0,0,0,13
POA6420,0,0,0,0,0,0,0,0,0,0,0,0,0,0,0,0,0,0,0,0,0,0,0,0,0,0,0,0,0,0,0,0,0,0,0,0,0,0,0,0,13,0,4,0,3,0,0,0,0,17
POA6421,0,0,0,0,0,0,0,0,0,0,0,0,0,0,0,0,0,0,0,0,0,0,0,0,0,0,0,0,0,0,0,0,0,0,0,0,0,0,0,4,8,4,3,3,7,0,0,3,0,30
POA6422,0,0,0,0,0,0,0,0,0,0,0,0,0,0,0,0,0,0,0,0,0,0,0,0,0,0,0,0,0,0,0,0,0,0,0,0,0,0,0,0,9,3,0,0,0,0,0,4,0,20
POA6423,0,0,0,0,0,0,0,0,0,7,0,0,0,0,0,0,0,0,0,0,0,0,0,0,0,0,0,0,0,0,0,0,0,0,0,0,0,0,0,3,9,12,24,3,8,3,8,3,0,72
POA6424,0,0,0,0,0,0,0,0,0,0,0,0,0,0,0,0,0,0,0,0,0,0,0,0,0,0,0,0,0,0,3,0,0,0,0,0,0,0,0,3,8,0,0,0,0,0,0,0,0,12
POA6425,0,0,0,0,0,0,0,0,0,0,0,0,0,0,0,0,0,0,0,0,0,0,0,0,0,0,0,0,0,0,0,0,0,0,0,0,0,0,0,0,4,5,0,0,4,0,0,0,0,16
POA6426,0,0,3,0,0,0,0,0,0,8,0,0,0,0,0,0,0,0,0,0,0,0,0,0,0,0,0,0,0,0,4,0,3,0,0,0,3,3,3,15,36,20,60,14,12,4,22,9,3,184
POA6427,0,0,0,0,0,0,0,0,0,4,0,0,0,0,0,0,0,0,0,0,0,0,0,0,0,0,0,0,0,0,0,0,0,0,0,0,0,0,0,0,0,3,18,0,0,0,12,0,3,35
POA6428,0,0,0,0,0,0,0,0,0,0,0,0,0,0,0,0,0,0,0,0,0,0,0,0,0,0,0,0,0,0,0,0,0,0,0,0,0,3,0,3,3,4,0,0,3,0,0,6,0,17
POA6429,3,0,0,0,3,0,4,0,0,12,0,0,0,0,0,0,0,0,0,0,0,0,0,3,0,0,0,0,0,3,0,0,0,0,0,0,3,6,0,11,12,29,37,22,23,3,20,16,0,163
POA6430,32,13,108,50,48,40,63,31,3,378,0,0,3,0,0,0,3,0,0,9,0,5,18,19,6,3,26,5,5,91,9,15,41,16,7,18,44,34,27,220,727,1723,1946,673,583,276,743,337,100,7097
POA6431,4,0,0,3,0,0,0,3,0,11,0,0,0,0,0,0,0,0,0,0,0,0,0,0,0,0,0,0,0,5,0,3,0,0,0,0,4,0,3,14,19,50,46,20,11,3,23,17,6,205
POA6432,10,3,33,20,13,6,21,6,0,109,0,0,0,0,0,0,0,0,0,8,4,3,8,4,4,0,8,3,3,31,0,6,14,5,0,8,20,8,14,88,120,194,515,165,143,76,266,112,48,1631
POA6434,0,0,0,0,0,0,0,0,0,0,0,0,0,0,0,0,0,0,0,0,0,0,0,0,0,0,0,0,0,0,0,0,0,0,0,0,3,0,0,0,10,9,15,0,0,0,12,6,0,56
POA6436,0,0,0,0,0,0,0,0,0,0,0,0,0,0,0,0,0,0,0,0,0,0,0,0,0,0,0,0,0,0,0,4,0,0,0,0,0,0,0,6,0,6,0,0,0,0,0,3,0,11
POA6437,7,0,4,3,0,0,9,0,0,19,0,0,0,0,0,0,0,0,0,0,0,0,0,0,0,0,0,0,0,3,0,0,0,0,0,0,0,0,0,3,16,27,50,6,12,0,38,11,0,166
POA6438,0,0,6,0,3,0,0,3,0,12,0,0,0,0,0,0,0,0,0,0,0,0,0,0,0,0,0,0,0,3,0,0,0,0,0,0,0,0,0,8,26,44,60,23,15,5,38,13,4,224
POA6440,3,0,11,0,0,0,6,0,0,16,0,0,0,0,0,0,0,0,0,3,0,0,0,0,0,0,0,0,0,4,0,0,0,0,0,0,5,4,0,12,24,55,129,32,21,4,76,25,3,370
POA6442,0,3,11,6,4,3,7,6,0,36,0,0,0,0,0,0,0,0,0,3,0,0,0,0,0,0,3,0,0,3,0,0,9,3,0,0,13,4,0,34,24,80,198,44,47,20,108,35,8,563
POA6443,3,0,5,0,0,0,3,0,0,16,0,0,0,0,0,0,0,0,0,0,0,0,0,0,0,0,0,0,0,0,0,0,0,3,0,0,0,3,6,12,31,31,54,13,11,5,24,15,7,195
POA6445,3,0,0,0,0,0,0,3,0,3,0,0,0,0,0,0,0,0,0,0,0,0,0,0,0,0,0,0,0,0,3,0,0,0,0,0,0,0,0,3,24,3,3,0,0,4,3,7,0,39
POA6446,0,0,0,0,0,0,0,0,0,0,0,0,0,0,0,0,0,0,0,0,0,0,0,0,0,0,0,0,0,0,0,0,0,0,0,0,0,0,0,0,16,3,3,6,0,0,3,3,0,34
POA6447,3,0,0,0,0,0,0,0,0,5,0,0,0,0,0,0,0,0,0,0,0,0,0,0,0,0,0,0,0,0,0,0,0,0,0,0,0,0,0,3,33,7,0,0,6,0,6,7,0,59
POA6448,0,0,0,0,0,0,0,3,0,3,0,0,0,0,0,0,0,0,0,0,0,0,0,0,0,0,0,0,0,0,4,0,0,0,0,0,0,3,0,5,30,16,14,10,10,3,4,11,3,103
POA6450,30,5,85,26,26,20,18,15,3,224,0,0,0,0,0,0,0,0,0,8,5,3,4,3,0,0,4,3,0,28,27,14,27,15,11,13,20,28,18,170,530,722,706,337,378,189,244,278,53,3428
POA6452,0,0,0,0,0,0,0,0,0,0,0,0,0,0,0,0,0,0,0,0,0,0,0,0,0,0,0,0,0,0,0,0,0,0,0,0,0,0,0,0,0,0,0,0,0,0,0,0,0,0
POA6460,0,0,3,3,3,0,0,0,0,7,0,0,0,0,0,0,0,0,0,0,0,0,0,0,0,0,0,0,0,0,3,0,0,0,3,0,0,0,0,12,31,25,27,15,26,3,9,8,3,142
POA6461,0,0,0,0,0,5,0,0,0,7,0,0,0,0,0,0,0,0,0,0,0,0,0,0,0,0,0,0,0,3,0,0,3,0,0,0,0,0,0,7,37,15,14,4,11,7,3,12,0,107
POA6462,0,0,0,0,0,0,0,0,0,0,0,0,0,0,0,0,0,0,0,0,0,0,0,0,0,0,0,0,0,0,0,0,0,0,0,0,0,0,0,5,10,5,0,5,4,0,0,3,0,26
POA6463,0,0,0,0,0,0,0,0,0,0,0,0,0,0,0,0,0,0,0,0,0,0,0,0,0,0,0,0,0,0,0,0,0,0,0,0,0,0,0,0,7,0,0,0,0,0,0,0,0,5
POA6465,0,0,0,0,0,0,0,0,0,0,0,0,0,0,0,0,0,0,0,0,0,0,0,0,0,0,0,0,0,0,0,0,0,0,0,0,0,0,0,0,3,0,0,0,0,0,0,0,0,6
POA6466,0,0,0,0,0,0,0,0,0,0,0,0,0,0,0,0,0,0,0,0,0,0,0,0,0,0,0,0,0,0,0,0,0,0,0,0,0,0,0,0,3,4,0,0,0,0,0,3,0,8
POA6467,0,0,0,0,0,0,0,0,0,0,0,0,0,0,0,0,0,0,0,0,0,0,0,0,0,0,0,0,0,0,0,0,0,0,0,0,0,0,0,0,4,0,0,0,0,0,0,0,0,5
POA6468,0,0,0,0,0,0,0,0,0,0,0,0,0,0,0,0,0,0,0,0,0,0,0,0,0,0,0,0,0,0,3,0,0,0,0,0,0,0,0,10,21,5,13,0,3,0,3,3,0,57
POA6470,0,0,0,0,0,0,0,0,0,0,0,0,0,0,0,0,0,0,0,0,0,0,0,0,0,0,0,0,0,0,0,0,0,0,0,0,0,0,0,0,0,0,0,0,0,0,0,0,0,3
POA6472,0,0,0,0,0,0,0,0,0,3,0,0,0,0,0,0,0,0,0,0,0,0,0,0,0,0,0,0,0,0,0,0,0,0,0,0,0,0,0,3,17,11,4,3,0,3,0,3,5,47
POA6473,0,0,0,0,0,0,0,0,0,0,0,0,0,0,0,0,0,0,0,0,0,0,0,0,0,0,0,0,0,0,0,0,0,0,0,0,0,0,0,0,0,0,0,3,0,0,0,0,0,4
POA6475,0,0,0,0,0,0,0,0,0,5,0,0,0,0,0,0,0,0,0,0,0,0,0,0,0,0,0,0,0,0,4,0,0,0,0,0,0,0,0,3,16,8,16,6,11,0,9,10,0,80
POA6476,0,0,0,0,0,0,0,0,0,0,0,0,0,0,0,0,0,0,0,0,0,0,0,0,0,0,0,0,0,0,0,0,0,0,0,0,0,0,0,0,9,0,0,0,0,0,3,0,0,11
POA6477,0,0,0,0,0,0,0,0,0,0,0,0,0,0,0,0,0,0,0,0,0,0,0,0,0,0,0,0,0,0,0,0,0,0,0,0,0,0,0,3,14,9,13,5,7,0,3,0,0,56
POA6479,0,3,3,0,0,0,0,0,0,11,0,0,0,0,0,0,0,0,0,0,0,0,0,0,0,0,0,0,0,0,3,0,0,0,3,0,0,0,0,8,40,22,24,7,10,5,8,10,3,131
POA6480,0,0,0,0,0,0,0,0,0,0,0,0,0,0,0,0,0,0,0,0,0,0,0,0,0,0,0,0,0,0,0,0,0,0,0,0,0,0,0,0,3,4,4,0,0,0,0,3,0,13
POA6484,3,0,0,0,0,0,0,0,0,3,0,0,0,0,0,0,0,0,0,0,0,0,0,0,0,0,0,0,0,0,0,0,0,0,0,0,0,0,0,0,5,3,10,0,0,0,9,0,0,32
POA6485,4,0,0,0,0,0,0,0,0,9,0,0,0,0,0,0,0,0,0,0,0,0,0,0,0,0,0,0,0,0,0,0,0,0,0,0,0,0,0,0,18,15,6,8,12,0,3,13,3,84
POA6487,0,0,0,0,0,0,0,0,0,0,0,0,0,0,0,0,0,0,0,0,0,0,0,0,0,0,0,0,0,0,0,0,0,0,0,0,0,0,0,0,8,0,0,0,0,0,0,0,0,12
POA6488,0,0,0,0,0,0,0,0,0,0,0,0,0,0,0,0,0,0,0,0,0,0,0,0,0,0,0,0,0,0,0,0,0,0,0,0,0,3,0,9,8,3,4,6,0,3,4,3,0,39
POA6489,0,0,0,0,0,0,0,0,0,0,0,0,0,0,0,0,0,0,0,0,0,0,0,0,0,0,0,0,0,0,0,0,0,0,0,0,0,3,0,3,5,0,0,3,0,0,0,3,0,19
POA6490,0,0,0,0,0,0,0,0,0,3,0,0,0,0,0,0,0,0,0,0,0,0,0,0,0,0,0,0,0,0,0,0,0,0,0,0,0,0,0,0,9,9,9,3,9,0,3,3,0,50
POA6501,0,0,0,0,4,0,0,4,0,15,0,0,0,0,0,0,0,0,0,0,0,0,0,0,0,0,0,0,0,0,0,0,4,0,3,0,0,5,0,12,30,31,70,21,32,5,7,15,7,231
POA6502,3,0,5,0,0,3,3,3,0,16,0,0,0,0,0,0,0,0,0,0,0,5,0,0,0,0,0,0,0,8,0,0,0,3,0,0,0,0,0,8,46,37,57,25,21,15,25,22,5,261
POA6503,3,0,12,0,0,4,3,10,0,32,0,0,0,0,0,0,0,0,0,0,3,0,0,0,0,0,0,0,0,8,10,0,3,0,0,4,3,8,3,28,132,50,108,42,50,23,40,94,11,554
POA6504,3,0,0,0,0,0,0,0,0,3,0,0,0,0,0,0,0,0,0,0,0,0,0,0,0,0,0,0,0,0,0,0,0,0,0,0,0,0,0,0,15,3,3,3,3,0,6,10,0,34
POA6505,0,0,0,0,0,0,0,0,0,0,0,0,0,0,0,0,0,0,0,0,0,0,0,0,0,0,0,0,0,0,0,0,0,0,0,0,0,0,0,0,12,3,0,5,3,0,0,3,0,30
POA6506,0,0,0,0,0,0,0,0,0,0,0,0,0,0,0,0,0,0,0,0,0,0,0,0,0,0,0,0,0,0,0,0,0,0,0,0,0,0,0,0,3,0,3,0,0,0,0,3,0,15
POA6507,3,0,3,0,3,0,0,0,0,10,0,0,0,0,0,0,0,0,0,0,0,0,0,0,0,3,0,0,0,5,0,0,0,0,4,0,0,0,0,9,65,24,20,4,15,4,9,19,3,175
POA6509,0,0,3,0,0,0,0,0,0,3,0,0,0,0,0,0,0,0,0,0,0,0,0,0,0,0,0,0,0,0,0,0,0,0,0,0,0,0,0,0,16,5,7,3,7,0,5,0,0,47
POA6510,0,0,8,4,4,7,3,4,0,28,0,0,0,0,0,0,0,0,0,3,3,0,0,3,0,0,0,3,0,9,0,0,8,3,3,0,0,3,0,21,76,76,87,55,55,37,33,41,3,467
POA6511,4,0,4,0,3,0,0,0,0,10,0,0,0,0,0,0,0,3,0,3,0,0,0,0,0,0,0,0,0,0,3,0,0,0,0,0,0,3,0,9,17,15,15,8,15,0,7,37,5,126
POA6512,0,0,0,0,0,0,0,0,0,3,0,0,0,0,0,0,0,0,0,0,0,0,0,0,0,0,0,0,0,0,0,0,0,0,0,0,0,0,0,0,10,9,0,5,0,3,0,3,0,34
POA6513,0,0,0,0,3,0,0,0,0,3,0,0,0,0,0,0,0,0,0,0,0,0,0,0,0,0,0,0,0,0,0,0,0,0,0,0,0,0,0,0,22,9,0,5,6,0,3,4,0,50
POA6514,0,0,0,0,0,0,0,0,0,4,0,0,0,0,0,0,0,0,0,0,0,0,0,0,0,0,0,0,0,0,5,0,0,0,0,0,0,0,0,5,13,16,24,5,14,0,9,13,0,95
POA6515,0,0,0,0,0,0,0,0,0,4,0,0,0,0,0,0,0,0,0,0,0,0,0,0,0,0,4,0,0,4,0,0,3,0,0,0,0,0,0,4,35,9,15,3,13,0,6,8,0,89
POA6516,3,0,8,3,3,0,3,3,0,22,0,0,0,0,0,0,0,0,0,0,0,0,0,0,0,0,0,0,0,6,3,0,4,4,3,0,6,10,0,31,66,62,102,41,39,16,33,46,7,408
POA6517,0,0,0,0,0,0,0,0,0,7,0,0,0,0,0,0,0,0,0,0,0,0,0,0,0,0,0,0,0,0,0,0,0,0,0,0,0,3,0,11,28,23,27,5,10,3,8,12,0,113
POA6518,0,0,0,0,0,0,0,0,0,3,0,0,0,0,0,0,0,0,0,0,0,0,0,0,0,0,0,0,0,0,0,0,0,0,0,0,0,0,0,4,20,9,7,0,5,0,0,7,0,47
POA6519,3,0,5,3,3,0,0,0,0,12,0,0,0,0,0,0,0,0,0,0,0,0,0,0,0,0,0,0,0,0,0,0,0,0,0,0,0,3,0,5,47,22,25,17,7,3,4,19,0,146
POA6521,0,0,0,0,0,0,4,0,0,5,0,0,0,0,0,0,0,0,0,0,0,0,0,0,0,0,0,0,0,0,0,0,0,0,0,0,0,0,0,0,57,10,9,9,5,3,10,13,0,114
POA6522,0,0,0,0,0,0,0,0,0,3,0,0,0,0,0,0,0,0,0,0,0,0,0,0,0,0,0,0,0,0,0,0,0,0,0,0,3,0,0,3,43,9,10,5,10,3,16,4,0,108
POA6525,3,3,26,4,5,7,8,7,0,58,0,0,0,0,0,0,0,0,0,0,0,0,0,0,3,0,0,0,0,9,3,3,4,7,5,5,6,8,4,47,118,144,204,83,97,33,63,91,19,846
POA6528,4,0,0,0,0,0,0,0,0,4,0,0,0,0,0,0,0,0,0,0,0,0,0,0,0,0,0,0,0,0,0,0,0,0,0,0,0,0,0,3,21,22,19,6,13,3,8,10,0,99
POA6530,48,9,180,76,48,58,20,58,8,528,3,0,3,0,0,3,0,7,0,12,7,24,9,22,5,10,11,11,6,93,16,16,51,31,16,25,39,34,33,261,912,2068,1854,1105,879,441,458,627,149,8503
POA6532,12,7,32,20,13,13,0,9,0,107,0,0,0,0,0,0,0,0,0,3,3,7,4,7,0,3,0,4,3,28,8,6,14,7,3,6,8,9,3,72,273,423,429,201,192,85,114,125,27,1866
POA6535,0,0,10,5,0,3,0,0,0,17,0,0,0,0,0,0,0,0,0,0,0,0,0,0,0,0,3,0,0,3,0,5,0,0,0,3,3,0,3,16,61,61,43,43,27,11,31,31,10,313
POA6536,6,0,14,3,3,3,0,9,0,40,0,0,0,0,0,0,0,0,0,0,0,0,0,0,0,0,0,3,0,8,3,0,0,0,5,0,0,0,0,11,47,64,62,51,32,16,21,61,7,367
POA6537,0,0,9,3,3,4,0,3,0,21,0,0,0,0,0,0,0,0,0,0,0,0,0,0,0,0,0,0,0,3,0,3,0,0,0,0,0,0,0,4,35,38,57,32,23,15,8,24,5,238
POA6556,7,0,9,3,7,4,4,0,0,28,0,0,0,0,0,0,0,0,0,0,0,3,3,3,0,0,0,0,0,12,0,0,8,0,3,0,5,4,0,16,66,142,153,79,52,37,48,43,7,623
POA6558,3,0,4,0,0,0,0,0,0,11,0,0,0,0,0,0,0,0,0,0,0,0,0,0,3,0,0,0,0,8,3,0,4,0,0,0,0,0,3,19,35,39,65,22,33,7,11,15,12,233
POA6560,0,0,3,5,0,0,3,5,0,24,0,0,0,0,0,0,0,0,0,0,0,4,4,6,0,0,0,0,0,7,3,0,4,0,0,0,4,4,0,21,26,49,71,51,50,13,31,33,4,326
POA6562,0,0,7,3,3,0,3,3,0,25,0,0,0,0,0,0,0,0,0,0,0,0,0,0,0,0,3,3,0,4,4,0,0,3,0,0,3,0,0,14,38,55,81,51,37,16,37,34,0,349
POA6564,0,0,0,0,0,3,0,0,0,7,0,0,0,0,0,0,0,0,0,0,0,0,0,0,0,0,0,0,0,4,0,0,0,0,0,0,0,0,0,0,3,8,31,5,5,5,14,6,3,75
POA6566,5,0,8,4,8,3,6,4,0,33,0,0,0,0,0,0,0,0,0,0,3,3,0,0,3,0,0,0,0,9,9,0,3,0,3,0,6,4,4,30,114,174,145,87,86,48,75,42,14,775
POA6567,0,0,0,0,0,0,0,0,0,6,0,0,0,0,0,0,0,0,0,0,0,0,0,0,0,0,3,0,0,3,0,0,0,0,0,0,0,3,0,4,16,18,26,15,14,3,11,5,0,115
POA6568,0,0,0,0,0,0,0,0,0,4,0,0,0,0,0,0,0,0,0,0,0,0,0,0,0,0,0,0,0,0,0,0,0,0,0,0,0,0,0,0,17,7,5,0,4,6,4,5,0,50
POA6569,0,0,0,0,3,0,0,4,0,5,0,0,0,0,0,0,0,0,0,0,0,0,0,0,0,0,0,0,0,0,0,0,0,0,0,0,0,0,0,3,20,4,13,3,5,0,11,4,0,62
POA6571,0,0,0,0,0,0,0,0,0,0,0,0,0,0,0,0,0,0,0,0,0,0,0,0,0,0,0,0,0,0,0,0,0,0,0,0,0,0,0,0,6,4,0,3,0,0,0,3,0,20
POA6572,0,0,0,0,0,0,0,0,0,0,0,0,0,0,0,0,0,0,0,0,0,0,0,0,0,0,0,0,0,0,0,0,0,0,0,0,0,0,0,0,9,0,0,0,0,0,0,0,0,14
POA6574,0,0,0,0,0,0,0,0,0,0,0,0,0,0,0,0,0,0,0,0,0,0,0,0,0,0,0,0,0,0,3,0,0,0,0,0,0,0,0,3,11,6,0,0,3,0,0,0,0,20
POA6575,3,0,0,0,0,0,0,0,0,3,0,0,0,0,0,0,0,0,0,0,0,0,0,0,0,0,0,0,0,0,0,0,0,0,0,0,0,0,0,3,14,11,6,0,3,0,0,7,0,46
POA6603,0,0,5,3,0,0,0,5,0,15,0,0,0,0,0,0,0,0,0,0,0,0,0,0,0,0,0,0,0,0,0,0,5,0,0,0,0,0,0,8,59,55,62,31,29,14,24,20,9,294
POA6605,0,0,0,0,0,0,0,0,0,0,0,0,0,0,0,0,0,0,0,0,0,0,0,0,0,0,0,0,0,0,0,0,0,0,0,0,0,0,0,0,3,3,3,0,3,0,0,0,0,14
POA6606,0,0,0,0,0,0,0,0,0,0,0,0,0,0,0,0,0,0,0,0,0,0,0,0,0,0,0,0,0,0,3,0,0,0,0,0,0,0,0,3,14,7,5,4,0,3,4,3,0,46
POA6608,0,0,0,0,0,0,0,0,0,0,0,0,0,0,0,0,0,0,0,0,0,0,0,0,0,0,0,0,0,0,0,0,0,0,0,0,0,0,0,3,9,5,0,0,0,0,4,3,0,32
POA6609,4,3,0,0,0,0,0,0,0,6,0,0,0,0,0,0,0,0,0,0,0,0,0,0,0,0,0,0,0,0,0,0,0,0,0,0,0,0,0,6,46,32,59,23,23,10,12,22,0,226
POA6612,0,0,0,0,0,0,0,0,0,3,0,0,0,0,0,0,0,0,0,0,0,0,0,0,0,0,0,0,0,0,3,0,0,0,0,0,0,0,0,3,12,4,10,0,3,0,5,9,0,49
POA6613,0,0,0,0,0,0,0,0,0,0,0,0,0,0,0,0,0,0,0,0,0,0,0,0,0,0,0,0,0,0,0,0,0,0,0,0,0,0,0,0,3,0,0,0,0,0,3,0,0,16
POA6614,0,0,0,0,0,0,0,0,0,0,0,0,0,0,0,0,0,0,0,0,0,0,0,0,0,0,0,0,0,0,0,0,0,0,0,0,0,0,0,0,3,0,0,0,0,0,0,0,0,3
POA6616,0,0,0,0,0,0,0,0,0,0,0,0,0,0,0,0,0,0,0,0,0,0,0,0,0,0,0,0,0,0,0,0,0,0,0,0,0,0,0,0,4,0,0,0,0,0,3,3,0,10
POA6620,0,0,0,0,0,0,3,4,0,9,0,0,0,0,0,0,0,0,0,0,0,0,0,0,0,0,0,0,0,0,3,0,0,0,0,0,3,0,0,7,39,23,58,8,14,0,21,11,4,178
POA6623,0,0,0,0,0,0,0,0,0,8,0,0,0,0,0,0,0,0,0,0,0,0,0,0,0,0,0,0,0,0,3,0,5,0,0,0,0,4,0,13,41,37,14,12,8,8,8,11,4,153
POA6625,0,0,0,0,0,0,0,0,0,0,0,0,0,0,0,0,0,0,0,0,0,0,0,0,0,0,0,0,0,0,0,0,0,0,0,0,0,0,0,0,7,0,0,0,0,0,0,3,0,16
POA6627,0,0,0,0,0,0,0,0,0,0,0,0,0,0,0,0,0,0,0,0,0,0,0,0,0,0,0,0,0,0,0,0,0,0,0,0,0,0,0,0,8,3,6,0,0,0,0,0,0,20
POA6628,0,0,0,0,0,0,0,0,0,0,0,0,0,0,0,0,0,0,0,0,0,0,0,0,0,0,0,0,0,0,0,0,0,0,0,0,0,0,0,0,0,0,0,0,0,0,0,0,0,3
POA6630,0,0,3,0,3,0,0,0,0,11,0,0,0,0,0,0,0,0,0,0,0,0,0,0,0,0,0,0,0,0,4,0,0,3,0,0,0,0,0,5,27,27,14,18,11,0,3,9,0,113
POA6631,0,0,0,0,0,0,0,0,0,0,0,0,0,0,0,0,0,0,0,0,0,0,0,0,0,0,0,0,0,0,0,0,0,0,0,0,0,0,0,0,6,0,0,0,0,0,0,0,0,6
POA6632,0,0,0,0,0,0,0,0,0,0,0,0,0,0,0,0,0,0,0,0,0,0,0,0,0,0,0,0,0,0,0,0,0,0,0,0,0,0,0,0,7,0,0,0,0,0,0,4,0,20
POA6635,0,3,0,0,0,0,3,0,0,7,0,0,0,0,0,0,0,0,0,0,0,0,0,0,0,0,0,0,0,3,0,0,0,0,0,0,0,0,0,3,18,21,20,9,12,0,17,3,0,105
POA6638,0,0,3,0,0,0,0,0,0,5,0,0,0,0,0,0,0,0,0,0,0,0,0,0,0,0,0,0,0,0,0,0,3,3,0,0,0,3,0,12,14,23,22,7,7,0,3,10,0,82
POA6639,0,0,0,0,0,0,0,0,0,0,0,0,0,0,0,0,0,0,0,0,0,0,0,0,0,0,0,0,0,0,0,0,0,0,0,0,0,0,0,3,4,0,6,0,0,0,0,6,0,20
POA6640,0,0,0,0,0,0,0,3,0,3,0,0,0,0,0,0,0,0,0,0,0,0,0,0,0,0,0,0,0,0,0,0,0,0,0,0,0,0,0,0,10,9,4,3,6,0,3,7,0,41
POA6642,0,0,5,0,0,0,3,0,0,8,0,0,0,0,0,0,0,0,0,0,0,0,0,0,0,0,0,0,0,4,0,0,0,0,0,0,3,3,6,17,39,81,58,22,10,0,40,22,9,280
POA6646,0,0,3,0,0,0,7,5,0,14,0,0,0,0,0,0,0,0,0,0,0,3,3,0,0,0,0,0,0,4,0,3,0,0,0,0,3,0,3,13,13,41,74,10,10,4,52,30,7,241
POA6701,11,3,23,10,18,8,6,18,0,93,0,0,0,0,0,0,0,5,0,7,4,0,0,5,7,0,0,4,0,14,10,7,8,4,9,7,6,17,12,77,208,272,238,156,152,60,58,149,32,1324
POA6705,0,0,0,0,0,0,0,0,0,0,0,0,0,0,0,0,0,0,0,0,0,0,0,0,0,0,0,0,0,0,0,0,0,0,0,0,0,0,0,3,13,3,6,9,0,0,0,9,0,41
POA6707,7,4,23,11,9,7,0,0,0,69,0,0,0,0,0,0,0,0,0,3,0,0,0,0,0,0,0,0,0,4,0,0,9,3,3,3,0,3,6,33,131,191,225,110,105,42,29,87,22,948
POA6710,7,0,25,7,0,0,17,32,0,84,0,0,0,0,0,0,0,0,0,0,0,3,9,3,0,0,12,3,0,32,0,3,10,3,0,0,12,8,5,37,127,271,983,46,86,3,210,284,21,2034
POA6711,0,0,0,0,0,0,0,0,0,0,0,0,0,0,0,0,0,0,0,0,0,0,0,0,0,0,0,0,0,0,0,0,0,0,0,0,0,0,0,0,0,0,0,0,0,0,0,0,0,0
POA6712,0,0,15,3,0,0,5,25,0,53,0,0,0,0,0,0,0,0,0,0,0,0,3,3,0,0,3,3,0,13,0,0,9,0,0,0,3,6,0,26,56,123,615,20,35,0,99,183,23,1157
POA6713,3,0,6,3,3,0,3,0,0,19,0,0,0,0,0,0,0,0,0,0,3,0,0,0,3,0,3,0,0,8,0,3,3,0,0,0,0,0,0,15,48,79,114,24,52,7,46,28,3,399
POA6714,35,9,99,36,54,22,31,52,3,340,0,0,3,0,0,0,0,4,0,15,9,12,19,21,7,3,20,4,0,105,26,12,60,27,30,22,26,31,16,246,646,1189,1827,471,624,228,512,408,132,6036
POA6716,7,0,4,0,0,0,9,0,0,20,0,0,0,0,0,0,0,0,0,0,0,0,0,0,0,0,0,0,0,3,0,0,3,0,0,0,7,0,3,16,28,32,86,12,17,8,56,12,6,268
POA6718,0,0,3,0,0,0,0,0,0,8,0,0,0,0,0,0,0,0,0,0,0,0,0,0,0,0,0,0,0,0,4,0,0,0,0,0,0,0,3,9,5,15,22,21,5,0,3,7,4,87
POA6720,9,0,5,14,11,0,10,3,0,39,0,0,0,0,0,0,0,0,0,3,0,6,3,0,0,0,7,0,0,18,0,0,7,0,0,4,7,6,4,36,52,92,311,62,77,10,140,34,14,801
POA6721,14,0,24,6,13,3,5,12,0,81,0,0,0,0,0,0,0,0,0,0,3,0,4,0,3,0,4,0,3,25,4,4,10,0,4,6,11,5,4,51,267,363,502,110,181,58,149,107,45,1771
POA6722,12,10,26,15,17,14,11,19,0,128,0,0,0,0,0,3,3,4,0,14,4,4,5,3,4,3,13,0,3,39,5,10,39,13,10,16,21,14,23,154,197,471,1001,262,274,128,294,232,73,2932
POA6725,38,14,79,39,31,20,8,16,0,248,0,0,0,0,0,0,0,0,0,4,3,4,3,10,5,0,3,9,0,39,11,8,24,27,16,9,10,20,21,140,418,855,561,459,405,162,117,203,68,3237
POA6726,16,3,29,35,20,13,4,6,3,128,0,0,0,0,0,0,0,0,0,7,0,12,3,0,4,0,3,0,0,32,10,4,11,9,7,6,3,15,13,74,272,539,282,261,217,117,56,115,30,1890
POA6728,8,3,20,3,7,3,0,5,0,46,0,0,0,0,0,0,0,0,0,0,0,0,4,3,0,0,0,0,3,11,9,6,6,25,8,3,3,14,9,84,121,334,159,221,117,37,36,121,37,1175
POA6731,0,0,0,0,0,0,0,0,0,0,0,0,0,0,0,0,0,0,0,0,0,0,0,0,0,0,0,0,0,0,0,0,0,0,0,0,0,0,0,0,0,0,0,0,0,0,0,0,0,0
POA6733,0,0,0,0,0,0,0,0,0,0,0,0,0,0,0,0,0,0,0,0,0,0,0,0,0,0,0,0,0,0,0,0,0,0,0,0,0,0,0,0,0,0,0,0,0,0,0,0,0,0
POA6740,3,0,4,3,0,0,0,0,0,10,0,0,0,0,0,0,0,0,0,0,0,0,0,0,0,0,0,0,0,3,0,0,7,6,0,3,0,0,5,19,26,50,24,46,16,5,6,17,8,198
POA6743,19,0,41,16,16,11,8,6,0,114,0,3,0,0,0,0,0,0,0,4,5,3,0,10,8,0,4,0,0,27,10,3,20,11,7,3,11,10,10,89,269,514,339,237,224,79,94,120,39,1916
POA6751,9,0,35,9,6,3,37,9,0,118,0,0,0,0,0,0,0,0,0,0,3,3,3,0,4,0,16,3,0,31,3,3,11,0,0,3,18,6,9,51,164,300,711,79,112,22,356,96,26,1872
POA6753,15,7,44,13,9,4,34,22,3,148,0,0,0,0,3,0,5,0,0,8,3,4,7,0,0,0,15,3,4,32,8,3,19,8,8,0,19,7,8,87,209,368,912,121,123,34,489,162,39,2460
POA6754,0,0,3,4,3,0,11,3,0,21,0,0,0,0,0,0,0,0,0,0,0,0,0,0,0,0,3,0,0,6,0,0,3,0,0,0,6,0,3,19,31,60,152,33,31,12,89,26,7,431
POA6758,5,0,21,0,0,0,19,3,0,55,0,0,0,0,0,0,0,0,0,0,4,0,6,0,0,0,9,0,0,14,0,0,10,0,0,0,9,5,3,18,48,83,377,14,15,0,207,53,15,813
POA6760,0,0,3,0,0,0,3,4,0,12,0,0,0,0,0,0,0,0,0,0,0,0,0,0,0,0,0,0,0,3,0,0,0,0,0,0,0,3,0,7,19,21,42,12,11,0,18,19,0,147
POA6762,0,0,8,0,0,0,0,3,0,9,0,0,0,0,0,0,0,0,0,0,0,4,0,0,0,0,3,0,0,7,0,0,3,0,0,0,0,0,3,5,19,71,131,4,11,0,61,7,8,311
POA6765,0,0,9,0,3,3,0,0,0,15,0,0,0,0,0,0,0,0,0,0,0,0,0,0,0,0,0,0,0,4,0,0,3,10,0,3,0,3,3,29,36,97,40,53,32,9,3,33,6,312
POA6770,3,0,3,0,0,0,0,0,0,10,0,0,0,0,0,0,0,0,0,0,0,0,0,0,0,0,0,0,0,3,4,3,3,9,7,0,4,3,6,33,60,129,38,66,26,13,10,37,18,388
